nohup: ignoring input
[38;5;2m[i 0901 09:26:24.939059 92 compiler.py:956] Jittor(1.3.8.5) src: /root/miniconda3/lib/python3.10/site-packages/jittor[m
[38;5;2m[i 0901 09:26:24.946329 92 compiler.py:957] g++ at /usr/bin/g++(11.3.0)[m
[38;5;2m[i 0901 09:26:24.946381 92 compiler.py:958] cache_path: /root/.cache/jittor/jt1.3.8/g++11.3.0/py3.10.8/Linux-5.15.0-9x46/IntelRXeonRGolx95/default[m
[38;5;2m[i 0901 09:26:24.951102 92 __init__.py:411] Found nvcc(11.8.89) at /usr/local/cuda/bin/nvcc.[m
[38;5;2m[i 0901 09:26:24.957422 92 __init__.py:411] Found addr2line(2.38) at /usr/bin/addr2line.[m
[38;5;2m[i 0901 09:26:25.215627 92 compiler.py:1011] cuda key:cu11.8.89_sm_89[m
[38;5;2m[i 0901 09:26:25.773525 92 __init__.py:227] Total mem: 1007.52GB, using 16 procs for compiling.[m
[38;5;2m[i 0901 09:26:25.907908 92 jit_compiler.cc:28] Load cc_path: /usr/bin/g++[m
[38;5;2m[i 0901 09:26:26.135281 92 init.cc:62] Found cuda archs: [89,][m
[38;5;2m[i 0901 09:26:27.930722 92 cuda_flags.cc:49] CUDA enabled.[m
======================================================================
PAL 三阶段训练 (ACM, Jittor)
args: {'epochs': 400, 'start_epoch': 0, 'pal_total_epochs': 400, 'batch_size': 16, 'lr': 0.001, 'init_from': '', 'pal_workspace': '/root/autodl-tmp/work_pal/PAL_jittor/pal_workspaces/ACM__SIRST3__masks_coarse__2026-09-01_09-26-28', 'save_dir': '/root/autodl-tmp/work_pal/PAL_jittor/work_dirs/pal_2026-09-01_09-26-28', 'limit_init': 0, 'limit_train': 0, 'limit_val': 0}
jittor 1.3.8.5, use_cuda=1
PAL 工作区: /root/autodl-tmp/work_pal/PAL_jittor/pal_workspaces/ACM__SIRST3__masks_coarse__2026-09-01_09-26-28
计算数据集 mean/std ...
路径为： /root/autodl-tmp/work_pal/PAL/dataset/SIRST3/origin/img
数据集均值为： 0.3862517948161632
数据集方差为： 0.14124445249304624
cal_mean=0.38625179 cal_std=0.14124445
生成初始池（data_inital_make_add_points）...
[ WARN:0@12.624] global loadsave.cpp:848 imwrite_ Unsupported depth image for selected encoder is fallbacked to CV_8U.
初始数据已生成，共生成样本张数： 861
初始池: choose=861 no_choose=815 耗时 16.3s
调度: 预启动 [0,80] 增强 (80,320] 每5ep 精炼 (320,400]（pal_total=400）
--- epoch 1/400 (PAL 调度基准 400) ---
/root/miniconda3/lib/python3.10/site-packages/albumentations/augmentations/transforms.py:1149: FutureWarning: This class has been deprecated. Please use RandomBrightnessContrast
  warnings.warn(
/root/miniconda3/lib/python3.10/site-packages/albumentations/augmentations/transforms.py:1175: FutureWarning: RandomContrast has been deprecated. Please use RandomBrightnessContrast
  warnings.warn(
  [train] epoch 1: loss_mean=3.135184 (min=2.8889, max=4.1311, batches=54) train_IoU=0.0003 train_nIoU=0.0003 耗时 24.1s
[38;5;3m[w 0901 09:27:32.064207 92 cudnn_conv__Tx_float32__Ty_float32__Tw_float32__XFORMAT_abcd__WFORMAT_oihw__YFORMAT_abcd_____hash_4d5b3e2d24c769d3_op.cc:419] forward_ algorithm cache is full[m
[38;5;3m[w 0901 09:27:36.439250 92 cudnn_conv_backward_x__Tx_float32__Ty_float32__Tw_float32__XFORMAT_abcd__WFORMAT_oihw__YFO___hash_af8994a8aef53c1c_op.cc:410] backward x algorithm cache is full[m
  [val]   epoch 1: mIoU=0.0005 nIoU=0.0006 PD=0.0093 FA(x1e6)=982499.69 耗时 33.5s
  [ckpt] best mIoU=0.0005 已保存
  epoch 1 总耗时 57.6s
--- epoch 2/400 (PAL 调度基准 400) ---
  [train] epoch 2: loss_mean=2.836626 (min=2.7490, max=2.8884, batches=54) train_IoU=0.0003 train_nIoU=0.0003 耗时 21.4s
  [val]   epoch 2: mIoU=0.0005 nIoU=0.0010 PD=0.0485 FA(x1e6)=293880.17 耗时 26.3s
  [ckpt] best mIoU=0.0005 已保存
  epoch 2 总耗时 47.7s
--- epoch 3/400 (PAL 调度基准 400) ---
  [train] epoch 3: loss_mean=2.663152 (min=2.5819, max=2.7464, batches=54) train_IoU=0.0003 train_nIoU=0.0001 耗时 20.7s
  [val]   epoch 3: mIoU=0.0000 nIoU=0.0000 PD=0.0000 FA(x1e6)=2.58 耗时 22.2s
  epoch 3 总耗时 42.9s
--- epoch 4/400 (PAL 调度基准 400) ---
  [train] epoch 4: loss_mean=2.487379 (min=2.3980, max=2.5849, batches=54) train_IoU=0.0000 train_nIoU=0.0000 耗时 21.0s
  [val]   epoch 4: mIoU=0.0000 nIoU=0.0000 PD=0.0000 FA(x1e6)=0.00 耗时 22.3s
  epoch 4 总耗时 43.4s
--- epoch 5/400 (PAL 调度基准 400) ---
  [train] epoch 5: loss_mean=2.297150 (min=2.2018, max=2.3940, batches=54) train_IoU=0.0000 train_nIoU=0.0000 耗时 20.9s
  [val]   epoch 5: mIoU=0.0000 nIoU=0.0000 PD=0.0000 FA(x1e6)=0.00 耗时 21.5s
  epoch 5 总耗时 42.4s
--- epoch 6/400 (PAL 调度基准 400) ---
  [train] epoch 6: loss_mean=2.107267 (min=2.0149, max=2.1987, batches=54) train_IoU=0.0000 train_nIoU=0.0000 耗时 20.6s
  [val]   epoch 6: mIoU=0.0000 nIoU=0.0000 PD=0.0000 FA(x1e6)=0.00 耗时 21.9s
  epoch 6 总耗时 42.5s
--- epoch 7/400 (PAL 调度基准 400) ---
  [train] epoch 7: loss_mean=1.917837 (min=1.8289, max=2.0119, batches=54) train_IoU=0.0000 train_nIoU=0.0000 耗时 20.8s
  [val]   epoch 7: mIoU=0.0000 nIoU=0.0000 PD=0.0000 FA(x1e6)=0.00 耗时 22.2s
  epoch 7 总耗时 43.0s
--- epoch 8/400 (PAL 调度基准 400) ---
  [train] epoch 8: loss_mean=1.734638 (min=1.6470, max=1.8217, batches=54) train_IoU=0.0000 train_nIoU=0.0000 耗时 21.5s
  [val]   epoch 8: mIoU=0.0000 nIoU=0.0000 PD=0.0000 FA(x1e6)=0.00 耗时 21.8s
  epoch 8 总耗时 43.3s
--- epoch 9/400 (PAL 调度基准 400) ---
  [train] epoch 9: loss_mean=1.563372 (min=1.4826, max=1.6410, batches=54) train_IoU=0.0000 train_nIoU=0.0000 耗时 20.9s
  [val]   epoch 9: mIoU=0.0000 nIoU=0.0000 PD=0.0000 FA(x1e6)=0.00 耗时 21.6s
  epoch 9 总耗时 42.5s
--- epoch 10/400 (PAL 调度基准 400) ---
  [train] epoch 10: loss_mean=1.405304 (min=1.3262, max=1.4734, batches=54) train_IoU=0.0000 train_nIoU=0.0000 耗时 20.5s
  [val]   epoch 10: mIoU=0.0000 nIoU=0.0000 PD=0.0000 FA(x1e6)=0.00 耗时 22.1s
  epoch 10 总耗时 42.6s
--- epoch 11/400 (PAL 调度基准 400) ---
  [train] epoch 11: loss_mean=1.255865 (min=1.1757, max=1.3267, batches=54) train_IoU=0.0000 train_nIoU=0.0000 耗时 21.4s
  [val]   epoch 11: mIoU=0.0000 nIoU=0.0000 PD=0.0000 FA(x1e6)=0.00 耗时 22.2s
  epoch 11 总耗时 43.6s
--- epoch 12/400 (PAL 调度基准 400) ---
  [train] epoch 12: loss_mean=1.076862 (min=1.0139, max=1.1621, batches=54) train_IoU=0.0000 train_nIoU=0.0000 耗时 20.9s
  [val]   epoch 12: mIoU=0.0000 nIoU=0.0000 PD=0.0000 FA(x1e6)=0.00 耗时 21.6s
  epoch 12 总耗时 42.5s
--- epoch 13/400 (PAL 调度基准 400) ---
  [train] epoch 13: loss_mean=0.958028 (min=0.9058, max=1.0163, batches=54) train_IoU=0.0000 train_nIoU=0.0000 耗时 20.8s
  [val]   epoch 13: mIoU=0.0000 nIoU=0.0000 PD=0.0000 FA(x1e6)=0.00 耗时 21.7s
  epoch 13 总耗时 42.6s
--- epoch 14/400 (PAL 调度基准 400) ---
  [train] epoch 14: loss_mean=0.860851 (min=0.8157, max=0.9273, batches=54) train_IoU=0.0000 train_nIoU=0.0000 耗时 21.0s
  [val]   epoch 14: mIoU=0.0000 nIoU=0.0000 PD=0.0000 FA(x1e6)=0.00 耗时 22.4s
  epoch 14 总耗时 43.4s
--- epoch 15/400 (PAL 调度基准 400) ---
  [train] epoch 15: loss_mean=0.773582 (min=0.7314, max=0.8133, batches=54) train_IoU=0.0000 train_nIoU=0.0000 耗时 21.5s
  [val]   epoch 15: mIoU=0.0000 nIoU=0.0000 PD=0.0000 FA(x1e6)=0.00 耗时 21.5s
  epoch 15 总耗时 43.0s
--- epoch 16/400 (PAL 调度基准 400) ---
  [train] epoch 16: loss_mean=0.698508 (min=0.6628, max=0.7349, batches=54) train_IoU=0.0000 train_nIoU=0.0000 耗时 20.4s
  [val]   epoch 16: mIoU=0.0000 nIoU=0.0000 PD=0.0000 FA(x1e6)=0.00 耗时 21.5s
  epoch 16 总耗时 41.9s
--- epoch 17/400 (PAL 调度基准 400) ---
  [train] epoch 17: loss_mean=0.633127 (min=0.6026, max=0.6673, batches=54) train_IoU=0.0000 train_nIoU=0.0000 耗时 20.5s
  [val]   epoch 17: mIoU=0.0000 nIoU=0.0000 PD=0.0000 FA(x1e6)=0.00 耗时 22.2s
  epoch 17 总耗时 42.7s
--- epoch 18/400 (PAL 调度基准 400) ---
  [train] epoch 18: loss_mean=0.577810 (min=0.5518, max=0.6061, batches=54) train_IoU=0.0000 train_nIoU=0.0000 耗时 21.8s
  [val]   epoch 18: mIoU=0.0000 nIoU=0.0000 PD=0.0000 FA(x1e6)=0.00 耗时 22.0s
  epoch 18 总耗时 43.8s
--- epoch 19/400 (PAL 调度基准 400) ---
  [train] epoch 19: loss_mean=0.529295 (min=0.5069, max=0.5525, batches=54) train_IoU=0.0000 train_nIoU=0.0000 耗时 20.5s
  [val]   epoch 19: mIoU=0.0000 nIoU=0.0000 PD=0.0000 FA(x1e6)=0.00 耗时 21.7s
  epoch 19 总耗时 42.1s
--- epoch 20/400 (PAL 调度基准 400) ---
  [train] epoch 20: loss_mean=0.485965 (min=0.4663, max=0.5079, batches=54) train_IoU=0.0000 train_nIoU=0.0000 耗时 20.7s
  [val]   epoch 20: mIoU=0.0000 nIoU=0.0000 PD=0.0000 FA(x1e6)=0.00 耗时 22.0s
  epoch 20 总耗时 42.6s
--- epoch 21/400 (PAL 调度基准 400) ---
  [train] epoch 21: loss_mean=0.450542 (min=0.4273, max=0.4638, batches=54) train_IoU=0.0000 train_nIoU=0.0000 耗时 21.6s
  [val]   epoch 21: mIoU=0.0000 nIoU=0.0000 PD=0.0000 FA(x1e6)=0.00 耗时 22.9s
  epoch 21 总耗时 44.6s
--- epoch 22/400 (PAL 调度基准 400) ---
  [train] epoch 22: loss_mean=0.416263 (min=0.3959, max=0.4326, batches=54) train_IoU=0.0000 train_nIoU=0.0000 耗时 20.4s
  [val]   epoch 22: mIoU=0.0000 nIoU=0.0000 PD=0.0000 FA(x1e6)=0.00 耗时 22.0s
  epoch 22 总耗时 42.4s
--- epoch 23/400 (PAL 调度基准 400) ---
  [train] epoch 23: loss_mean=0.386021 (min=0.3680, max=0.4036, batches=54) train_IoU=0.0000 train_nIoU=0.0000 耗时 20.6s
  [val]   epoch 23: mIoU=0.0000 nIoU=0.0000 PD=0.0000 FA(x1e6)=0.00 耗时 21.5s
  epoch 23 总耗时 42.2s
--- epoch 24/400 (PAL 调度基准 400) ---
  [train] epoch 24: loss_mean=0.361853 (min=0.3486, max=0.3874, batches=54) train_IoU=0.0000 train_nIoU=0.0000 耗时 21.7s
  [val]   epoch 24: mIoU=0.0000 nIoU=0.0000 PD=0.0000 FA(x1e6)=0.00 耗时 22.4s
  epoch 24 总耗时 44.1s
--- epoch 25/400 (PAL 调度基准 400) ---
  [train] epoch 25: loss_mean=0.337947 (min=0.3242, max=0.3531, batches=54) train_IoU=0.0000 train_nIoU=0.0000 耗时 20.9s
  [val]   epoch 25: mIoU=0.0000 nIoU=0.0000 PD=0.0000 FA(x1e6)=0.00 耗时 21.8s
  epoch 25 总耗时 42.6s
--- epoch 26/400 (PAL 调度基准 400) ---
  [train] epoch 26: loss_mean=0.317664 (min=0.3054, max=0.3339, batches=54) train_IoU=0.0000 train_nIoU=0.0000 耗时 20.3s
  [val]   epoch 26: mIoU=0.0000 nIoU=0.0000 PD=0.0000 FA(x1e6)=0.00 耗时 22.2s
  epoch 26 总耗时 42.6s
--- epoch 27/400 (PAL 调度基准 400) ---
  [train] epoch 27: loss_mean=0.297586 (min=0.2827, max=0.3105, batches=54) train_IoU=0.0000 train_nIoU=0.0000 耗时 21.0s
  [val]   epoch 27: mIoU=0.0000 nIoU=0.0000 PD=0.0000 FA(x1e6)=0.00 耗时 22.9s
  epoch 27 总耗时 43.9s
--- epoch 28/400 (PAL 调度基准 400) ---
  [train] epoch 28: loss_mean=0.281278 (min=0.2683, max=0.2919, batches=54) train_IoU=0.0000 train_nIoU=0.0000 耗时 21.9s
  [val]   epoch 28: mIoU=0.0000 nIoU=0.0000 PD=0.0000 FA(x1e6)=0.00 耗时 22.4s
  epoch 28 总耗时 44.4s
--- epoch 29/400 (PAL 调度基准 400) ---
  [train] epoch 29: loss_mean=0.265670 (min=0.2526, max=0.2758, batches=54) train_IoU=0.0000 train_nIoU=0.0000 耗时 21.0s
  [val]   epoch 29: mIoU=0.0000 nIoU=0.0000 PD=0.0000 FA(x1e6)=0.00 耗时 23.3s
  epoch 29 总耗时 44.4s
--- epoch 30/400 (PAL 调度基准 400) ---
  [train] epoch 30: loss_mean=0.252204 (min=0.2435, max=0.2635, batches=54) train_IoU=0.0000 train_nIoU=0.0000 耗时 21.1s
  [val]   epoch 30: mIoU=0.0000 nIoU=0.0000 PD=0.0000 FA(x1e6)=0.00 耗时 23.2s
  epoch 30 总耗时 44.3s
--- epoch 31/400 (PAL 调度基准 400) ---
  [train] epoch 31: loss_mean=0.239976 (min=0.2311, max=0.2499, batches=54) train_IoU=0.0000 train_nIoU=0.0000 耗时 21.8s
  [val]   epoch 31: mIoU=0.0000 nIoU=0.0000 PD=0.0000 FA(x1e6)=0.00 耗时 23.2s
  epoch 31 总耗时 45.0s
--- epoch 32/400 (PAL 调度基准 400) ---
  [train] epoch 32: loss_mean=0.228172 (min=0.2196, max=0.2370, batches=54) train_IoU=0.0000 train_nIoU=0.0000 耗时 20.9s
  [val]   epoch 32: mIoU=0.0000 nIoU=0.0000 PD=0.0000 FA(x1e6)=0.00 耗时 23.4s
  epoch 32 总耗时 44.3s
--- epoch 33/400 (PAL 调度基准 400) ---
  [train] epoch 33: loss_mean=0.217234 (min=0.2084, max=0.2276, batches=54) train_IoU=0.0000 train_nIoU=0.0000 耗时 21.1s
  [val]   epoch 33: mIoU=0.0000 nIoU=0.0000 PD=0.0000 FA(x1e6)=0.00 耗时 22.6s
  epoch 33 总耗时 43.7s
--- epoch 34/400 (PAL 调度基准 400) ---
  [train] epoch 34: loss_mean=0.208296 (min=0.2010, max=0.2147, batches=54) train_IoU=0.0000 train_nIoU=0.0000 耗时 21.5s
  [val]   epoch 34: mIoU=0.0000 nIoU=0.0000 PD=0.0000 FA(x1e6)=0.00 耗时 23.7s
  epoch 34 总耗时 45.3s
--- epoch 35/400 (PAL 调度基准 400) ---
  [train] epoch 35: loss_mean=0.199239 (min=0.1904, max=0.2079, batches=54) train_IoU=0.0000 train_nIoU=0.0000 耗时 21.5s
  [val]   epoch 35: mIoU=0.0000 nIoU=0.0000 PD=0.0000 FA(x1e6)=0.00 耗时 22.6s
  epoch 35 总耗时 44.1s
--- epoch 36/400 (PAL 调度基准 400) ---
  [train] epoch 36: loss_mean=0.191078 (min=0.1824, max=0.1986, batches=54) train_IoU=0.0000 train_nIoU=0.0000 耗时 20.9s
  [val]   epoch 36: mIoU=0.0000 nIoU=0.0000 PD=0.0000 FA(x1e6)=0.00 耗时 22.4s
  epoch 36 总耗时 43.3s
--- epoch 37/400 (PAL 调度基准 400) ---
  [train] epoch 37: loss_mean=0.184117 (min=0.1767, max=0.1919, batches=54) train_IoU=0.0000 train_nIoU=0.0000 耗时 21.4s
  [val]   epoch 37: mIoU=0.0000 nIoU=0.0000 PD=0.0000 FA(x1e6)=0.00 耗时 23.4s
  epoch 37 总耗时 44.9s
--- epoch 38/400 (PAL 调度基准 400) ---
  [train] epoch 38: loss_mean=0.175468 (min=0.1675, max=0.1837, batches=54) train_IoU=0.0000 train_nIoU=0.0000 耗时 22.2s
  [val]   epoch 38: mIoU=0.0000 nIoU=0.0000 PD=0.0000 FA(x1e6)=0.00 耗时 22.7s
  epoch 38 总耗时 44.9s
--- epoch 39/400 (PAL 调度基准 400) ---
  [train] epoch 39: loss_mean=0.169383 (min=0.1624, max=0.1769, batches=54) train_IoU=0.0000 train_nIoU=0.0000 耗时 21.1s
  [val]   epoch 39: mIoU=0.0000 nIoU=0.0000 PD=0.0000 FA(x1e6)=0.00 耗时 23.0s
  epoch 39 总耗时 44.1s
--- epoch 40/400 (PAL 调度基准 400) ---
  [train] epoch 40: loss_mean=0.162895 (min=0.1573, max=0.1714, batches=54) train_IoU=0.0000 train_nIoU=0.0000 耗时 21.2s
  [val]   epoch 40: mIoU=0.0000 nIoU=0.0000 PD=0.0000 FA(x1e6)=0.00 耗时 23.5s
  epoch 40 总耗时 44.7s
--- epoch 41/400 (PAL 调度基准 400) ---
  [train] epoch 41: loss_mean=0.157378 (min=0.1501, max=0.1633, batches=54) train_IoU=0.0000 train_nIoU=0.0000 耗时 22.3s
  [val]   epoch 41: mIoU=0.0000 nIoU=0.0000 PD=0.0000 FA(x1e6)=0.00 耗时 23.1s
  epoch 41 总耗时 45.4s
--- epoch 42/400 (PAL 调度基准 400) ---
  [train] epoch 42: loss_mean=0.152365 (min=0.1442, max=0.1612, batches=54) train_IoU=0.0000 train_nIoU=0.0000 耗时 21.5s
  [val]   epoch 42: mIoU=0.0000 nIoU=0.0000 PD=0.0000 FA(x1e6)=0.00 耗时 23.7s
  epoch 42 总耗时 45.2s
--- epoch 43/400 (PAL 调度基准 400) ---
  [train] epoch 43: loss_mean=0.146977 (min=0.1407, max=0.1533, batches=54) train_IoU=0.0000 train_nIoU=0.0000 耗时 21.5s
  [val]   epoch 43: mIoU=0.0000 nIoU=0.0000 PD=0.0000 FA(x1e6)=0.00 耗时 23.7s
  epoch 43 总耗时 45.2s
--- epoch 44/400 (PAL 调度基准 400) ---
  [train] epoch 44: loss_mean=0.142963 (min=0.1360, max=0.1522, batches=54) train_IoU=0.0000 train_nIoU=0.0000 耗时 21.7s
  [val]   epoch 44: mIoU=0.0000 nIoU=0.0000 PD=0.0000 FA(x1e6)=0.00 耗时 23.3s
  epoch 44 总耗时 45.0s
--- epoch 45/400 (PAL 调度基准 400) ---
  [train] epoch 45: loss_mean=0.138518 (min=0.1290, max=0.1464, batches=54) train_IoU=0.0000 train_nIoU=0.0000 耗时 21.3s
  [val]   epoch 45: mIoU=0.0000 nIoU=0.0000 PD=0.0000 FA(x1e6)=0.00 耗时 22.9s
  epoch 45 总耗时 44.2s
--- epoch 46/400 (PAL 调度基准 400) ---
  [train] epoch 46: loss_mean=0.134395 (min=0.1268, max=0.1433, batches=54) train_IoU=0.0000 train_nIoU=0.0000 耗时 21.2s
  [val]   epoch 46: mIoU=0.0000 nIoU=0.0000 PD=0.0000 FA(x1e6)=0.00 耗时 23.6s
  epoch 46 总耗时 44.8s
--- epoch 47/400 (PAL 调度基准 400) ---
  [train] epoch 47: loss_mean=0.130391 (min=0.1224, max=0.1399, batches=54) train_IoU=0.0000 train_nIoU=0.0000 耗时 21.7s
  [val]   epoch 47: mIoU=0.0000 nIoU=0.0000 PD=0.0000 FA(x1e6)=0.00 耗时 24.0s
  epoch 47 总耗时 45.7s
--- epoch 48/400 (PAL 调度基准 400) ---
  [train] epoch 48: loss_mean=0.126789 (min=0.1175, max=0.1369, batches=54) train_IoU=0.0000 train_nIoU=0.0000 耗时 21.3s
  [val]   epoch 48: mIoU=0.0000 nIoU=0.0000 PD=0.0000 FA(x1e6)=0.00 耗时 22.9s
  epoch 48 总耗时 44.2s
--- epoch 49/400 (PAL 调度基准 400) ---
  [train] epoch 49: loss_mean=0.123326 (min=0.1160, max=0.1325, batches=54) train_IoU=0.0000 train_nIoU=0.0000 耗时 21.2s
  [val]   epoch 49: mIoU=0.0000 nIoU=0.0000 PD=0.0000 FA(x1e6)=0.00 耗时 23.5s
  epoch 49 总耗时 44.7s
--- epoch 50/400 (PAL 调度基准 400) ---
  [train] epoch 50: loss_mean=0.119867 (min=0.1126, max=0.1342, batches=54) train_IoU=0.0000 train_nIoU=0.0000 耗时 21.6s
  [val]   epoch 50: mIoU=0.0000 nIoU=0.0000 PD=0.0000 FA(x1e6)=0.00 耗时 23.8s
  epoch 50 总耗时 45.4s
--- epoch 51/400 (PAL 调度基准 400) ---
  [train] epoch 51: loss_mean=0.116073 (min=0.1084, max=0.1238, batches=54) train_IoU=0.0000 train_nIoU=0.0000 耗时 22.2s
  [val]   epoch 51: mIoU=0.0000 nIoU=0.0000 PD=0.0000 FA(x1e6)=0.00 耗时 23.0s
  epoch 51 总耗时 45.2s
--- epoch 52/400 (PAL 调度基准 400) ---
  [train] epoch 52: loss_mean=0.112511 (min=0.1050, max=0.1209, batches=54) train_IoU=0.0000 train_nIoU=0.0000 耗时 21.7s
  [val]   epoch 52: mIoU=0.0000 nIoU=0.0000 PD=0.0000 FA(x1e6)=0.00 耗时 23.6s
  epoch 52 总耗时 45.3s
--- epoch 53/400 (PAL 调度基准 400) ---
  [train] epoch 53: loss_mean=0.111372 (min=0.1046, max=0.1208, batches=54) train_IoU=0.0000 train_nIoU=0.0000 耗时 21.0s
  [val]   epoch 53: mIoU=0.0000 nIoU=0.0000 PD=0.0000 FA(x1e6)=0.00 耗时 22.6s
  epoch 53 总耗时 43.6s
--- epoch 54/400 (PAL 调度基准 400) ---
  [train] epoch 54: loss_mean=0.107696 (min=0.0996, max=0.1188, batches=54) train_IoU=0.0000 train_nIoU=0.0000 耗时 21.2s
  [val]   epoch 54: mIoU=0.0000 nIoU=0.0000 PD=0.0000 FA(x1e6)=0.00 耗时 21.6s
  epoch 54 总耗时 42.9s
--- epoch 55/400 (PAL 调度基准 400) ---
  [train] epoch 55: loss_mean=0.105270 (min=0.0988, max=0.1185, batches=54) train_IoU=0.0000 train_nIoU=0.0000 耗时 21.0s
  [val]   epoch 55: mIoU=0.0000 nIoU=0.0000 PD=0.0000 FA(x1e6)=0.00 耗时 21.5s
  epoch 55 总耗时 42.5s
--- epoch 56/400 (PAL 调度基准 400) ---
  [train] epoch 56: loss_mean=0.102190 (min=0.0951, max=0.1138, batches=54) train_IoU=0.0000 train_nIoU=0.0000 耗时 20.4s
  [val]   epoch 56: mIoU=0.0000 nIoU=0.0000 PD=0.0000 FA(x1e6)=0.00 耗时 21.9s
  epoch 56 总耗时 42.3s
--- epoch 57/400 (PAL 调度基准 400) ---
  [train] epoch 57: loss_mean=0.101054 (min=0.0937, max=0.1147, batches=54) train_IoU=0.0000 train_nIoU=0.0000 耗时 21.8s
  [val]   epoch 57: mIoU=0.0000 nIoU=0.0000 PD=0.0000 FA(x1e6)=0.00 耗时 22.5s
  epoch 57 总耗时 44.4s
--- epoch 58/400 (PAL 调度基准 400) ---
  [train] epoch 58: loss_mean=0.098495 (min=0.0888, max=0.1100, batches=54) train_IoU=0.0000 train_nIoU=0.0000 耗时 21.0s
  [val]   epoch 58: mIoU=0.0000 nIoU=0.0000 PD=0.0000 FA(x1e6)=0.00 耗时 21.9s
  epoch 58 总耗时 42.9s
--- epoch 59/400 (PAL 调度基准 400) ---
  [train] epoch 59: loss_mean=0.096534 (min=0.0888, max=0.1060, batches=54) train_IoU=0.0000 train_nIoU=0.0000 耗时 20.3s
  [val]   epoch 59: mIoU=0.0000 nIoU=0.0000 PD=0.0000 FA(x1e6)=0.00 耗时 21.4s
  epoch 59 总耗时 41.8s
--- epoch 60/400 (PAL 调度基准 400) ---
  [train] epoch 60: loss_mean=0.094458 (min=0.0864, max=0.1041, batches=54) train_IoU=0.0000 train_nIoU=0.0000 耗时 20.9s
  [val]   epoch 60: mIoU=0.0000 nIoU=0.0000 PD=0.0000 FA(x1e6)=0.00 耗时 23.3s
  epoch 60 总耗时 44.2s
--- epoch 61/400 (PAL 调度基准 400) ---
  [train] epoch 61: loss_mean=0.091504 (min=0.0823, max=0.1054, batches=54) train_IoU=0.0000 train_nIoU=0.0000 耗时 21.2s
  [val]   epoch 61: mIoU=0.0000 nIoU=0.0000 PD=0.0000 FA(x1e6)=0.00 耗时 21.6s
  epoch 61 总耗时 42.9s
--- epoch 62/400 (PAL 调度基准 400) ---
  [train] epoch 62: loss_mean=0.091047 (min=0.0826, max=0.1043, batches=54) train_IoU=0.0000 train_nIoU=0.0000 耗时 20.7s
  [val]   epoch 62: mIoU=0.0000 nIoU=0.0000 PD=0.0000 FA(x1e6)=0.00 耗时 21.5s
  epoch 62 总耗时 42.2s
--- epoch 63/400 (PAL 调度基准 400) ---
  [train] epoch 63: loss_mean=0.087976 (min=0.0774, max=0.1007, batches=54) train_IoU=0.0000 train_nIoU=0.0000 耗时 20.6s
  [val]   epoch 63: mIoU=0.0000 nIoU=0.0000 PD=0.0000 FA(x1e6)=0.00 耗时 23.6s
  epoch 63 总耗时 44.2s
--- epoch 64/400 (PAL 调度基准 400) ---
  [train] epoch 64: loss_mean=0.086697 (min=0.0794, max=0.0986, batches=54) train_IoU=0.0000 train_nIoU=0.0000 耗时 21.4s
  [val]   epoch 64: mIoU=0.0000 nIoU=0.0000 PD=0.0000 FA(x1e6)=0.00 耗时 22.1s
  epoch 64 总耗时 43.5s
--- epoch 65/400 (PAL 调度基准 400) ---
  [train] epoch 65: loss_mean=0.084940 (min=0.0765, max=0.0929, batches=54) train_IoU=0.0000 train_nIoU=0.0000 耗时 20.6s
  [val]   epoch 65: mIoU=0.0000 nIoU=0.0000 PD=0.0000 FA(x1e6)=0.00 耗时 21.8s
  epoch 65 总耗时 42.5s
--- epoch 66/400 (PAL 调度基准 400) ---
  [train] epoch 66: loss_mean=0.084051 (min=0.0763, max=0.0948, batches=54) train_IoU=0.0000 train_nIoU=0.0000 耗时 20.6s
  [val]   epoch 66: mIoU=0.0000 nIoU=0.0000 PD=0.0000 FA(x1e6)=0.00 耗时 23.4s
  epoch 66 总耗时 44.0s
--- epoch 67/400 (PAL 调度基准 400) ---
  [train] epoch 67: loss_mean=0.082992 (min=0.0719, max=0.0930, batches=54) train_IoU=0.0000 train_nIoU=0.0000 耗时 21.2s
  [val]   epoch 67: mIoU=0.0000 nIoU=0.0000 PD=0.0000 FA(x1e6)=0.00 耗时 22.2s
  epoch 67 总耗时 43.4s
--- epoch 68/400 (PAL 调度基准 400) ---
  [train] epoch 68: loss_mean=0.081093 (min=0.0731, max=0.0930, batches=54) train_IoU=0.0000 train_nIoU=0.0000 耗时 20.4s
  [val]   epoch 68: mIoU=0.0000 nIoU=0.0000 PD=0.0000 FA(x1e6)=0.00 耗时 21.5s
  epoch 68 总耗时 41.9s
--- epoch 69/400 (PAL 调度基准 400) ---
  [train] epoch 69: loss_mean=0.079800 (min=0.0718, max=0.0913, batches=54) train_IoU=0.0000 train_nIoU=0.0000 耗时 20.4s
  [val]   epoch 69: mIoU=0.0000 nIoU=0.0000 PD=0.0000 FA(x1e6)=0.00 耗时 22.2s
  epoch 69 总耗时 42.6s
--- epoch 70/400 (PAL 调度基准 400) ---
  [train] epoch 70: loss_mean=0.077959 (min=0.0693, max=0.0887, batches=54) train_IoU=0.0000 train_nIoU=0.0000 耗时 21.2s
  [val]   epoch 70: mIoU=0.0000 nIoU=0.0000 PD=0.0000 FA(x1e6)=0.00 耗时 22.3s
  epoch 70 总耗时 43.6s
--- epoch 71/400 (PAL 调度基准 400) ---
  [train] epoch 71: loss_mean=0.076507 (min=0.0678, max=0.0872, batches=54) train_IoU=0.0000 train_nIoU=0.0000 耗时 20.7s
  [val]   epoch 71: mIoU=0.0000 nIoU=0.0000 PD=0.0000 FA(x1e6)=0.00 耗时 21.6s
  epoch 71 总耗时 42.3s
--- epoch 72/400 (PAL 调度基准 400) ---
  [train] epoch 72: loss_mean=0.075711 (min=0.0657, max=0.0938, batches=54) train_IoU=0.0000 train_nIoU=0.0000 耗时 20.3s
  [val]   epoch 72: mIoU=0.0000 nIoU=0.0000 PD=0.0000 FA(x1e6)=0.00 耗时 22.3s
  epoch 72 总耗时 42.7s
--- epoch 73/400 (PAL 调度基准 400) ---
  [train] epoch 73: loss_mean=0.074251 (min=0.0650, max=0.0870, batches=54) train_IoU=0.0000 train_nIoU=0.0000 耗时 20.9s
  [val]   epoch 73: mIoU=0.0000 nIoU=0.0000 PD=0.0000 FA(x1e6)=0.00 耗时 22.1s
  epoch 73 总耗时 43.1s
--- epoch 74/400 (PAL 调度基准 400) ---
  [train] epoch 74: loss_mean=0.073420 (min=0.0617, max=0.0877, batches=54) train_IoU=0.0000 train_nIoU=0.0000 耗时 21.4s
  [val]   epoch 74: mIoU=0.0000 nIoU=0.0000 PD=0.0000 FA(x1e6)=0.00 耗时 21.7s
  epoch 74 总耗时 43.1s
--- epoch 75/400 (PAL 调度基准 400) ---
  [train] epoch 75: loss_mean=0.071514 (min=0.0637, max=0.0828, batches=54) train_IoU=0.0000 train_nIoU=0.0000 耗时 20.5s
  [val]   epoch 75: mIoU=0.0000 nIoU=0.0000 PD=0.0000 FA(x1e6)=0.00 耗时 22.5s
  epoch 75 总耗时 43.0s
--- epoch 76/400 (PAL 调度基准 400) ---
  [train] epoch 76: loss_mean=0.070650 (min=0.0605, max=0.0814, batches=54) train_IoU=0.0000 train_nIoU=0.0000 耗时 20.5s
  [val]   epoch 76: mIoU=0.0000 nIoU=0.0000 PD=0.0000 FA(x1e6)=0.00 耗时 22.0s
  epoch 76 总耗时 42.5s
--- epoch 77/400 (PAL 调度基准 400) ---
  [train] epoch 77: loss_mean=0.070248 (min=0.0623, max=0.0813, batches=54) train_IoU=0.0000 train_nIoU=0.0000 耗时 21.0s
  [val]   epoch 77: mIoU=0.0000 nIoU=0.0000 PD=0.0000 FA(x1e6)=0.00 耗时 22.3s
  epoch 77 总耗时 43.3s
--- epoch 78/400 (PAL 调度基准 400) ---
  [train] epoch 78: loss_mean=0.069525 (min=0.0600, max=0.0846, batches=54) train_IoU=0.0000 train_nIoU=0.0000 耗时 20.7s
  [val]   epoch 78: mIoU=0.0000 nIoU=0.0000 PD=0.0000 FA(x1e6)=0.00 耗时 21.9s
  epoch 78 总耗时 42.6s
--- epoch 79/400 (PAL 调度基准 400) ---
  [train] epoch 79: loss_mean=0.068400 (min=0.0587, max=0.0828, batches=54) train_IoU=0.0000 train_nIoU=0.0000 耗时 20.2s
  [val]   epoch 79: mIoU=0.0000 nIoU=0.0000 PD=0.0000 FA(x1e6)=0.00 耗时 21.5s
  epoch 79 总耗时 41.8s
--- epoch 80/400 (PAL 调度基准 400) ---
  [train] epoch 80: loss_mean=0.068303 (min=0.0574, max=0.0843, batches=54) train_IoU=0.0000 train_nIoU=0.0000 耗时 21.2s
  [val]   epoch 80: mIoU=0.0000 nIoU=0.0000 PD=0.0000 FA(x1e6)=0.00 耗时 22.3s
  epoch 80 总耗时 43.6s
--- epoch 81/400 (PAL 调度基准 400) ---
  [train] epoch 81: loss_mean=0.066550 (min=0.0566, max=0.0774, batches=54) train_IoU=0.0000 train_nIoU=0.0000 耗时 21.3s
  [val]   epoch 81: mIoU=0.0000 nIoU=0.0000 PD=0.0000 FA(x1e6)=0.00 耗时 21.5s
  epoch 81 总耗时 42.8s
--- epoch 82/400 (PAL 调度基准 400) ---
  [train] epoch 82: loss_mean=0.065259 (min=0.0558, max=0.0804, batches=54) train_IoU=0.0000 train_nIoU=0.0000 耗时 20.4s
  [val]   epoch 82: mIoU=0.0000 nIoU=0.0000 PD=0.0000 FA(x1e6)=0.00 耗时 21.5s
  epoch 82 总耗时 41.9s
--- epoch 83/400 (PAL 调度基准 400) ---
  [train] epoch 83: loss_mean=0.064588 (min=0.0524, max=0.0750, batches=54) train_IoU=0.0000 train_nIoU=0.0000 耗时 20.4s
  [val]   epoch 83: mIoU=0.0000 nIoU=0.0000 PD=0.0000 FA(x1e6)=0.00 耗时 22.2s
  epoch 83 总耗时 42.6s
--- epoch 84/400 (PAL 调度基准 400) ---
  [train] epoch 84: loss_mean=0.063877 (min=0.0519, max=0.0798, batches=54) train_IoU=0.0000 train_nIoU=0.0000 耗时 21.6s
  [val]   epoch 84: mIoU=0.0000 nIoU=0.0000 PD=0.0000 FA(x1e6)=0.00 耗时 21.7s
  epoch 84 总耗时 43.3s
--- epoch 85/400 (PAL 调度基准 400) ---
  [train] epoch 85: loss_mean=0.062700 (min=0.0546, max=0.0760, batches=54) train_IoU=0.0000 train_nIoU=0.0000 耗时 20.4s
  [val]   epoch 85: mIoU=0.0000 nIoU=0.0000 PD=0.0000 FA(x1e6)=0.00 耗时 21.5s
  epoch 85 总耗时 41.9s
--- epoch 86/400 (PAL 调度基准 400) ---
  [增强轮] lose_point_ratio=0.2200
  开始标签的自更新--------
    [自更新] choose 池 861 张
  开始认识并学习困难样本-----------
    [推理] no_choose 池 815 张
  本轮准入 0 张: []
生成的标签精细化完成！！！！！！
  此轮数据转移完成！！！！！ choose=861 no_choose=815
  [train] epoch 86: loss_mean=0.062075 (min=0.0504, max=0.0738, batches=54) train_IoU=0.0000 train_nIoU=0.0000 耗时 21.5s
  [val]   epoch 86: mIoU=0.0000 nIoU=0.0000 PD=0.0000 FA(x1e6)=0.00 耗时 22.5s
  epoch 86 总耗时 80.6s
--- epoch 87/400 (PAL 调度基准 400) ---
  [train] epoch 87: loss_mean=0.061659 (min=0.0503, max=0.0747, batches=54) train_IoU=0.0000 train_nIoU=0.0000 耗时 21.1s
  [val]   epoch 87: mIoU=0.0000 nIoU=0.0000 PD=0.0000 FA(x1e6)=0.00 耗时 21.6s
  epoch 87 总耗时 42.8s
--- epoch 88/400 (PAL 调度基准 400) ---
  [train] epoch 88: loss_mean=0.060319 (min=0.0502, max=0.0741, batches=54) train_IoU=0.0000 train_nIoU=0.0000 耗时 20.5s
  [val]   epoch 88: mIoU=0.0000 nIoU=0.0000 PD=0.0000 FA(x1e6)=0.00 耗时 21.9s
  epoch 88 总耗时 42.5s
--- epoch 89/400 (PAL 调度基准 400) ---
  [train] epoch 89: loss_mean=0.059841 (min=0.0511, max=0.0751, batches=54) train_IoU=0.0000 train_nIoU=0.0000 耗时 21.0s
  [val]   epoch 89: mIoU=0.0000 nIoU=0.0000 PD=0.0000 FA(x1e6)=0.00 耗时 22.4s
  epoch 89 总耗时 43.4s
--- epoch 90/400 (PAL 调度基准 400) ---
  [train] epoch 90: loss_mean=0.058851 (min=0.0490, max=0.0710, batches=54) train_IoU=0.0000 train_nIoU=0.0000 耗时 21.1s
  [val]   epoch 90: mIoU=0.0000 nIoU=0.0000 PD=0.0000 FA(x1e6)=0.00 耗时 21.8s
  epoch 90 总耗时 42.9s
--- epoch 91/400 (PAL 调度基准 400) ---
  [增强轮] lose_point_ratio=0.2367
  开始标签的自更新--------
    [自更新] choose 池 861 张
  开始认识并学习困难样本-----------
    [推理] no_choose 池 815 张
  本轮准入 0 张: []
生成的标签精细化完成！！！！！！
  此轮数据转移完成！！！！！ choose=861 no_choose=815
  [train] epoch 91: loss_mean=0.051382 (min=0.0441, max=0.0595, batches=54) train_IoU=0.0000 train_nIoU=0.0000 耗时 20.8s
  [val]   epoch 91: mIoU=0.0000 nIoU=0.0000 PD=0.0000 FA(x1e6)=0.00 耗时 21.9s
  epoch 91 总耗时 79.4s
--- epoch 92/400 (PAL 调度基准 400) ---
  [train] epoch 92: loss_mean=0.048044 (min=0.0431, max=0.0556, batches=54) train_IoU=0.0000 train_nIoU=0.0000 耗时 21.6s
  [val]   epoch 92: mIoU=0.0000 nIoU=0.0000 PD=0.0000 FA(x1e6)=0.00 耗时 22.5s
  epoch 92 总耗时 44.1s
--- epoch 93/400 (PAL 调度基准 400) ---
  [train] epoch 93: loss_mean=0.046787 (min=0.0420, max=0.0523, batches=54) train_IoU=0.0000 train_nIoU=0.0000 耗时 20.8s
  [val]   epoch 93: mIoU=0.0000 nIoU=0.0000 PD=0.0000 FA(x1e6)=0.00 耗时 21.6s
  epoch 93 总耗时 42.4s
--- epoch 94/400 (PAL 调度基准 400) ---
  [train] epoch 94: loss_mean=0.045025 (min=0.0412, max=0.0512, batches=54) train_IoU=0.0341 train_nIoU=0.0192 耗时 21.0s
  [val]   epoch 94: mIoU=0.0517 nIoU=0.0625 PD=0.1880 FA(x1e6)=0.54 耗时 21.6s
  [ckpt] best mIoU=0.0517 已保存
  epoch 94 总耗时 42.7s
--- epoch 95/400 (PAL 调度基准 400) ---
  [train] epoch 95: loss_mean=0.043871 (min=0.0400, max=0.0526, batches=54) train_IoU=0.0845 train_nIoU=0.0509 耗时 20.6s
  [val]   epoch 95: mIoU=0.0288 nIoU=0.0376 PD=0.1355 FA(x1e6)=0.35 耗时 22.4s
  epoch 95 总耗时 43.0s
--- epoch 96/400 (PAL 调度基准 400) ---
  [增强轮] lose_point_ratio=0.2533
  开始标签的自更新--------
    [自更新] choose 池 861 张
  开始认识并学习困难样本-----------
    [推理] no_choose 池 815 张
  本轮准入 6 张: ['000559.png', '001275.png', 'XDU206.png', 'XDU266.png', 'XDU361.png', 'XDU823.png']
生成的标签精细化完成！！！！！！
  此轮数据转移完成！！！！！ choose=867 no_choose=809
  [train] epoch 96: loss_mean=0.042662 (min=0.0387, max=0.0488, batches=55) train_IoU=0.0791 train_nIoU=0.0432 耗时 21.1s
  [val]   epoch 96: mIoU=0.1215 nIoU=0.1328 PD=0.3375 FA(x1e6)=4.03 耗时 21.6s
  [ckpt] best mIoU=0.1215 已保存
  epoch 96 总耗时 80.5s
--- epoch 97/400 (PAL 调度基准 400) ---
  [train] epoch 97: loss_mean=0.042301 (min=0.0370, max=0.0502, batches=55) train_IoU=0.1159 train_nIoU=0.0641 耗时 20.7s
  [val]   epoch 97: mIoU=0.1632 nIoU=0.1640 PD=0.4159 FA(x1e6)=12.01 耗时 21.8s
  [ckpt] best mIoU=0.1632 已保存
  epoch 97 总耗时 42.5s
--- epoch 98/400 (PAL 调度基准 400) ---
  [train] epoch 98: loss_mean=0.037110 (min=0.0297, max=0.0450, batches=55) train_IoU=0.1504 train_nIoU=0.0866 耗时 21.5s
  [val]   epoch 98: mIoU=0.1366 nIoU=0.1552 PD=0.4066 FA(x1e6)=6.08 耗时 22.4s
  epoch 98 总耗时 43.9s
--- epoch 99/400 (PAL 调度基准 400) ---
  [train] epoch 99: loss_mean=0.037003 (min=0.0290, max=0.0495, batches=55) train_IoU=0.0817 train_nIoU=0.0441 耗时 21.3s
  [val]   epoch 99: mIoU=0.0129 nIoU=0.0181 PD=0.0691 FA(x1e6)=0.08 耗时 21.6s
  epoch 99 总耗时 42.9s
--- epoch 100/400 (PAL 调度基准 400) ---
  [train] epoch 100: loss_mean=0.034113 (min=0.0285, max=0.0412, batches=55) train_IoU=0.1057 train_nIoU=0.0596 耗时 20.9s
  [val]   epoch 100: mIoU=0.0704 nIoU=0.0850 PD=0.2638 FA(x1e6)=0.81 耗时 21.7s
  epoch 100 总耗时 42.6s
--- epoch 101/400 (PAL 调度基准 400) ---
  [增强轮] lose_point_ratio=0.2700
  开始标签的自更新--------
    [自更新] choose 池 867 张
  开始认识并学习困难样本-----------
    [推理] no_choose 池 809 张
  本轮准入 28 张: ['000180.png', '000642.png', '000667.png', 'Misc_129.png', 'Misc_184.png', 'Misc_192.png', 'Misc_223.png', 'Misc_232.png', 'Misc_354.png', 'Misc_77.png']...
生成的标签精细化完成！！！！！！
  此轮数据转移完成！！！！！ choose=895 no_choose=781
  [train] epoch 101: loss_mean=0.031479 (min=0.0266, max=0.0396, batches=56) train_IoU=0.1661 train_nIoU=0.0908 耗时 22.9s
  [val]   epoch 101: mIoU=0.0158 nIoU=0.0220 PD=0.1076 FA(x1e6)=0.13 耗时 21.8s
  epoch 101 总耗时 82.5s
--- epoch 102/400 (PAL 调度基准 400) ---
  [train] epoch 102: loss_mean=0.030052 (min=0.0259, max=0.0380, batches=56) train_IoU=0.2021 train_nIoU=0.1227 耗时 21.5s
  [val]   epoch 102: mIoU=0.0635 nIoU=0.0896 PD=0.3010 FA(x1e6)=0.62 耗时 21.6s
  epoch 102 总耗时 43.1s
--- epoch 103/400 (PAL 调度基准 400) ---
  [train] epoch 103: loss_mean=0.030714 (min=0.0268, max=0.0456, batches=56) train_IoU=0.2005 train_nIoU=0.1193 耗时 21.4s
  [val]   epoch 103: mIoU=0.0547 nIoU=0.0654 PD=0.2093 FA(x1e6)=0.55 耗时 22.2s
  epoch 103 总耗时 43.7s
--- epoch 104/400 (PAL 调度基准 400) ---
  [train] epoch 104: loss_mean=0.029182 (min=0.0243, max=0.0347, batches=56) train_IoU=0.1879 train_nIoU=0.1089 耗时 22.7s
  [val]   epoch 104: mIoU=0.0894 nIoU=0.1119 PD=0.3289 FA(x1e6)=1.25 耗时 22.1s
  epoch 104 总耗时 44.9s
--- epoch 105/400 (PAL 调度基准 400) ---
  [train] epoch 105: loss_mean=0.027728 (min=0.0238, max=0.0350, batches=56) train_IoU=0.2500 train_nIoU=0.1522 耗时 21.4s
  [val]   epoch 105: mIoU=0.1078 nIoU=0.1344 PD=0.3708 FA(x1e6)=2.16 耗时 21.7s
  epoch 105 总耗时 43.1s
--- epoch 106/400 (PAL 调度基准 400) ---
  [增强轮] lose_point_ratio=0.2867
  开始标签的自更新--------
    [自更新] choose 池 895 张
  开始认识并学习困难样本-----------
    [推理] no_choose 池 781 张
  本轮准入 28 张: ['000184.png', '000572.png', '000672.png', '001312.png', '001323.png', 'Misc_144.png', 'Misc_399.png', 'Misc_64.png', 'XDU116.png', 'XDU128.png']...
生成的标签精细化完成！！！！！！
  此轮数据转移完成！！！！！ choose=923 no_choose=753
[38;5;3m[w 0901 10:46:39.513633 92 cudnn_conv_backward_w__Tx_float32__Ty_float32__Tw_float32__XFORMAT_abcd__WFORMAT_oihw__YFO___hash_8e480e8564e59906_op.cc:418] backward w algorithm cache is full[m
  [train] epoch 106: loss_mean=0.027416 (min=0.0233, max=0.0368, batches=58) train_IoU=0.2461 train_nIoU=0.1497 耗时 23.4s
  [val]   epoch 106: mIoU=0.1490 nIoU=0.1691 PD=0.4166 FA(x1e6)=5.05 耗时 22.4s
  epoch 106 总耗时 82.8s
--- epoch 107/400 (PAL 调度基准 400) ---
  [train] epoch 107: loss_mean=0.026634 (min=0.0227, max=0.0351, batches=58) train_IoU=0.2737 train_nIoU=0.1631 耗时 22.7s
  [val]   epoch 107: mIoU=0.1581 nIoU=0.2004 PD=0.5196 FA(x1e6)=5.22 耗时 21.7s
  epoch 107 总耗时 44.4s
--- epoch 108/400 (PAL 调度基准 400) ---
  [train] epoch 108: loss_mean=0.026004 (min=0.0218, max=0.0359, batches=58) train_IoU=0.2827 train_nIoU=0.1800 耗时 22.1s
  [val]   epoch 108: mIoU=0.0925 nIoU=0.1206 PD=0.3708 FA(x1e6)=1.49 耗时 21.7s
  epoch 108 总耗时 43.8s
--- epoch 109/400 (PAL 调度基准 400) ---
  [train] epoch 109: loss_mean=0.025213 (min=0.0214, max=0.0331, batches=58) train_IoU=0.2549 train_nIoU=0.1545 耗时 22.9s
  [val]   epoch 109: mIoU=0.0907 nIoU=0.1104 PD=0.3189 FA(x1e6)=4.16 耗时 22.5s
  epoch 109 总耗时 45.4s
--- epoch 110/400 (PAL 调度基准 400) ---
  [train] epoch 110: loss_mean=0.025363 (min=0.0210, max=0.0381, batches=58) train_IoU=0.2301 train_nIoU=0.1444 耗时 22.4s
  [val]   epoch 110: mIoU=0.1337 nIoU=0.1651 PD=0.4525 FA(x1e6)=6.11 耗时 21.7s
  epoch 110 总耗时 44.1s
--- epoch 111/400 (PAL 调度基准 400) ---
  [增强轮] lose_point_ratio=0.3033
  开始标签的自更新--------
    [自更新] choose 池 923 张
  开始认识并学习困难样本-----------
    [推理] no_choose 池 753 张
  本轮准入 18 张: ['000210.png', '000271.png', '000279.png', '001284.png', 'Misc_115.png', 'XDU119.png', 'XDU199.png', 'XDU221.png', 'XDU283.png', 'XDU483.png']...
生成的标签精细化完成！！！！！！
  此轮数据转移完成！！！！！ choose=941 no_choose=735
  [train] epoch 111: loss_mean=0.024211 (min=0.0204, max=0.0367, batches=59) train_IoU=0.3104 train_nIoU=0.1986 耗时 22.8s
  [val]   epoch 111: mIoU=0.1407 nIoU=0.1774 PD=0.4897 FA(x1e6)=6.58 耗时 22.4s
  epoch 111 总耗时 82.5s
--- epoch 112/400 (PAL 调度基准 400) ---
  [train] epoch 112: loss_mean=0.023514 (min=0.0196, max=0.0290, batches=59) train_IoU=0.3163 train_nIoU=0.1928 耗时 23.2s
  [val]   epoch 112: mIoU=0.1238 nIoU=0.1571 PD=0.4452 FA(x1e6)=6.93 耗时 21.9s
  epoch 112 总耗时 45.1s
--- epoch 113/400 (PAL 调度基准 400) ---
  [train] epoch 113: loss_mean=0.023623 (min=0.0197, max=0.0322, batches=59) train_IoU=0.2867 train_nIoU=0.1710 耗时 22.5s
  [val]   epoch 113: mIoU=0.0885 nIoU=0.1123 PD=0.3375 FA(x1e6)=2.63 耗时 22.5s
  epoch 113 总耗时 45.0s
--- epoch 114/400 (PAL 调度基准 400) ---
  [train] epoch 114: loss_mean=0.022555 (min=0.0184, max=0.0314, batches=59) train_IoU=0.3102 train_nIoU=0.1847 耗时 22.4s
  [val]   epoch 114: mIoU=0.1478 nIoU=0.1746 PD=0.4445 FA(x1e6)=8.56 耗时 22.3s
  epoch 114 总耗时 44.8s
--- epoch 115/400 (PAL 调度基准 400) ---
  [train] epoch 115: loss_mean=0.021799 (min=0.0181, max=0.0301, batches=59) train_IoU=0.3219 train_nIoU=0.2051 耗时 23.2s
  [val]   epoch 115: mIoU=0.0779 nIoU=0.1019 PD=0.3336 FA(x1e6)=2.02 耗时 22.3s
  epoch 115 总耗时 45.5s
--- epoch 116/400 (PAL 调度基准 400) ---
  [增强轮] lose_point_ratio=0.3200
  开始标签的自更新--------
    [自更新] choose 池 941 张
  开始认识并学习困难样本-----------
    [推理] no_choose 池 735 张
  本轮准入 2 张: ['000565.png', '001266.png']
生成的标签精细化完成！！！！！！
  此轮数据转移完成！！！！！ choose=943 no_choose=733
  [train] epoch 116: loss_mean=0.021054 (min=0.0167, max=0.0268, batches=59) train_IoU=0.3137 train_nIoU=0.1960 耗时 22.6s
  [val]   epoch 116: mIoU=0.2512 nIoU=0.3085 PD=0.6684 FA(x1e6)=19.80 耗时 22.0s
  [ckpt] best mIoU=0.2512 已保存
  epoch 116 总耗时 82.3s
--- epoch 117/400 (PAL 调度基准 400) ---
  [train] epoch 117: loss_mean=0.020776 (min=0.0169, max=0.0259, batches=59) train_IoU=0.3489 train_nIoU=0.2325 耗时 23.1s
  [val]   epoch 117: mIoU=0.2624 nIoU=0.3186 PD=0.7243 FA(x1e6)=31.37 耗时 22.4s
  [ckpt] best mIoU=0.2624 已保存
  epoch 117 总耗时 45.6s
--- epoch 118/400 (PAL 调度基准 400) ---
  [train] epoch 118: loss_mean=0.020133 (min=0.0165, max=0.0264, batches=59) train_IoU=0.3386 train_nIoU=0.2154 耗时 23.1s
  [val]   epoch 118: mIoU=0.2569 nIoU=0.3179 PD=0.6950 FA(x1e6)=21.70 耗时 22.1s
  epoch 118 总耗时 45.2s
--- epoch 119/400 (PAL 调度基准 400) ---
  [train] epoch 119: loss_mean=0.019646 (min=0.0163, max=0.0282, batches=59) train_IoU=0.3473 train_nIoU=0.2256 耗时 22.4s
  [val]   epoch 119: mIoU=0.2723 nIoU=0.3389 PD=0.7382 FA(x1e6)=29.42 耗时 21.6s
  [ckpt] best mIoU=0.2723 已保存
  epoch 119 总耗时 44.1s
--- epoch 120/400 (PAL 调度基准 400) ---
  [train] epoch 120: loss_mean=0.019118 (min=0.0157, max=0.0234, batches=59) train_IoU=0.3380 train_nIoU=0.2207 耗时 22.8s
  [val]   epoch 120: mIoU=0.2273 nIoU=0.3005 PD=0.6718 FA(x1e6)=15.39 耗时 22.4s
  epoch 120 总耗时 45.2s
--- epoch 121/400 (PAL 调度基准 400) ---
  [增强轮] lose_point_ratio=0.3367
  开始标签的自更新--------
    [自更新] choose 池 943 张
  开始认识并学习困难样本-----------
    [推理] no_choose 池 733 张
  本轮准入 129 张: ['000096.png', '000117.png', '000139.png', '000158.png', '000165.png', '000171.png', '000175.png', '000185.png', '000201.png', '000204.png']...
生成的标签精细化完成！！！！！！
  此轮数据转移完成！！！！！ choose=1072 no_choose=604
  [train] epoch 121: loss_mean=0.018699 (min=0.0146, max=0.0261, batches=67) train_IoU=0.3863 train_nIoU=0.2508 耗时 25.4s
  [val]   epoch 121: mIoU=0.2242 nIoU=0.2758 PD=0.6126 FA(x1e6)=10.74 耗时 21.7s
  epoch 121 总耗时 86.2s
--- epoch 122/400 (PAL 调度基准 400) ---
  [train] epoch 122: loss_mean=0.017972 (min=0.0151, max=0.0262, batches=67) train_IoU=0.4017 train_nIoU=0.2635 耗时 25.6s
  [val]   epoch 122: mIoU=0.2596 nIoU=0.3125 PD=0.6684 FA(x1e6)=16.41 耗时 22.5s
  epoch 122 总耗时 48.1s
--- epoch 123/400 (PAL 调度基准 400) ---
  [train] epoch 123: loss_mean=0.017755 (min=0.0146, max=0.0230, batches=67) train_IoU=0.3823 train_nIoU=0.2600 耗时 26.8s
  [val]   epoch 123: mIoU=0.2386 nIoU=0.2810 PD=0.6047 FA(x1e6)=11.36 耗时 21.7s
  epoch 123 总耗时 48.5s
--- epoch 124/400 (PAL 调度基准 400) ---
  [train] epoch 124: loss_mean=0.017531 (min=0.0141, max=0.0226, batches=67) train_IoU=0.3891 train_nIoU=0.2610 耗时 25.4s
  [val]   epoch 124: mIoU=0.2358 nIoU=0.3023 PD=0.6379 FA(x1e6)=10.32 耗时 21.6s
  epoch 124 总耗时 47.0s
--- epoch 125/400 (PAL 调度基准 400) ---
  [train] epoch 125: loss_mean=0.016753 (min=0.0137, max=0.0233, batches=67) train_IoU=0.4130 train_nIoU=0.2741 耗时 25.5s
  [val]   epoch 125: mIoU=0.2502 nIoU=0.3042 PD=0.6618 FA(x1e6)=17.50 耗时 23.0s
  epoch 125 总耗时 48.6s
--- epoch 126/400 (PAL 调度基准 400) ---
  [增强轮] lose_point_ratio=0.3533
  开始标签的自更新--------
    [自更新] choose 池 1072 张
  开始认识并学习困难样本-----------
    [推理] no_choose 池 604 张
  本轮准入 44 张: ['000105.png', '000181.png', '000198.png', '000258.png', '000292.png', '000445.png', '000479.png', '000649.png', '000733.png', '000767.png']...
生成的标签精细化完成！！！！！！
  此轮数据转移完成！！！！！ choose=1116 no_choose=560
  [train] epoch 126: loss_mean=0.016547 (min=0.0136, max=0.0231, batches=70) train_IoU=0.4499 train_nIoU=0.3024 耗时 26.5s
  [val]   epoch 126: mIoU=0.2671 nIoU=0.3290 PD=0.7096 FA(x1e6)=22.67 耗时 21.6s
  epoch 126 总耗时 86.3s
--- epoch 127/400 (PAL 调度基准 400) ---
  [train] epoch 127: loss_mean=0.016162 (min=0.0133, max=0.0235, batches=70) train_IoU=0.4522 train_nIoU=0.2954 耗时 27.0s
  [val]   epoch 127: mIoU=0.2408 nIoU=0.2975 PD=0.6352 FA(x1e6)=12.35 耗时 22.6s
  epoch 127 总耗时 49.6s
--- epoch 128/400 (PAL 调度基准 400) ---
  [train] epoch 128: loss_mean=0.015633 (min=0.0132, max=0.0237, batches=70) train_IoU=0.4300 train_nIoU=0.2750 耗时 27.8s
  [val]   epoch 128: mIoU=0.2583 nIoU=0.3219 PD=0.6950 FA(x1e6)=19.60 耗时 21.8s
  epoch 128 总耗时 49.6s
--- epoch 129/400 (PAL 调度基准 400) ---
  [train] epoch 129: loss_mean=0.015497 (min=0.0125, max=0.0240, batches=70) train_IoU=0.4303 train_nIoU=0.2838 耗时 26.5s
  [val]   epoch 129: mIoU=0.2636 nIoU=0.3265 PD=0.7076 FA(x1e6)=23.35 耗时 21.6s
  epoch 129 总耗时 48.1s
--- epoch 130/400 (PAL 调度基准 400) ---
  [train] epoch 130: loss_mean=0.014829 (min=0.0120, max=0.0213, batches=70) train_IoU=0.4590 train_nIoU=0.3019 耗时 27.2s
  [val]   epoch 130: mIoU=0.2376 nIoU=0.3048 PD=0.6598 FA(x1e6)=11.45 耗时 22.4s
  epoch 130 总耗时 49.6s
--- epoch 131/400 (PAL 调度基准 400) ---
  [增强轮] lose_point_ratio=0.3700
  开始标签的自更新--------
    [自更新] choose 池 1116 张
  开始认识并学习困难样本-----------
    [推理] no_choose 池 560 张
  本轮准入 6 张: ['000193.png', '000196.png', '000253.png', 'Misc_402.png', 'XDU109.png', 'XDU456.png']
生成的标签精细化完成！！！！！！
  此轮数据转移完成！！！！！ choose=1122 no_choose=554
  [train] epoch 131: loss_mean=0.014818 (min=0.0116, max=0.0200, batches=71) train_IoU=0.4693 train_nIoU=0.3209 耗时 26.9s
  [val]   epoch 131: mIoU=0.2560 nIoU=0.3145 PD=0.6751 FA(x1e6)=16.84 耗时 22.4s
  epoch 131 总耗时 87.8s
--- epoch 132/400 (PAL 调度基准 400) ---
  [train] epoch 132: loss_mean=0.014530 (min=0.0108, max=0.0208, batches=71) train_IoU=0.4657 train_nIoU=0.3131 耗时 26.9s
  [val]   epoch 132: mIoU=0.2771 nIoU=0.3371 PD=0.7010 FA(x1e6)=20.46 耗时 22.5s
  [ckpt] best mIoU=0.2771 已保存
  epoch 132 总耗时 49.5s
--- epoch 133/400 (PAL 调度基准 400) ---
  [train] epoch 133: loss_mean=0.014409 (min=0.0108, max=0.0255, batches=71) train_IoU=0.4691 train_nIoU=0.3077 耗时 27.7s
  [val]   epoch 133: mIoU=0.2788 nIoU=0.3420 PD=0.6944 FA(x1e6)=16.77 耗时 21.9s
  [ckpt] best mIoU=0.2788 已保存
  epoch 133 总耗时 49.5s
--- epoch 134/400 (PAL 调度基准 400) ---
  [train] epoch 134: loss_mean=0.013834 (min=0.0111, max=0.0186, batches=71) train_IoU=0.5003 train_nIoU=0.3303 耗时 27.3s
  [val]   epoch 134: mIoU=0.2628 nIoU=0.3252 PD=0.6631 FA(x1e6)=12.62 耗时 21.8s
  epoch 134 总耗时 49.1s
--- epoch 135/400 (PAL 调度基准 400) ---
  [train] epoch 135: loss_mean=0.013663 (min=0.0107, max=0.0189, batches=71) train_IoU=0.4733 train_nIoU=0.3152 耗时 26.9s
  [val]   epoch 135: mIoU=0.2928 nIoU=0.3546 PD=0.7342 FA(x1e6)=23.29 耗时 22.6s
  [ckpt] best mIoU=0.2928 已保存
  epoch 135 总耗时 49.5s
--- epoch 136/400 (PAL 调度基准 400) ---
  [增强轮] lose_point_ratio=0.3867
  开始标签的自更新--------
    [自更新] choose 池 1122 张
  开始认识并学习困难样本-----------
    [推理] no_choose 池 554 张
  本轮准入 53 张: ['000126.png', '000130.png', '000174.png', '000235.png', '000238.png', '000244.png', '000245.png', '000288.png', '000298.png', '000299.png']...
生成的标签精细化完成！！！！！！
  此轮数据转移完成！！！！！ choose=1175 no_choose=501
  [train] epoch 136: loss_mean=0.013216 (min=0.0101, max=0.0179, batches=74) train_IoU=0.4834 train_nIoU=0.3268 耗时 28.6s
  [val]   epoch 136: mIoU=0.2782 nIoU=0.3273 PD=0.7189 FA(x1e6)=24.59 耗时 21.8s
  epoch 136 总耗时 89.1s
--- epoch 137/400 (PAL 调度基准 400) ---
  [train] epoch 137: loss_mean=0.012978 (min=0.0101, max=0.0171, batches=74) train_IoU=0.4983 train_nIoU=0.3331 耗时 28.3s
  [val]   epoch 137: mIoU=0.2326 nIoU=0.2791 PD=0.6239 FA(x1e6)=7.88 耗时 22.6s
  epoch 137 总耗时 50.9s
--- epoch 138/400 (PAL 调度基准 400) ---
  [train] epoch 138: loss_mean=0.012622 (min=0.0100, max=0.0182, batches=74) train_IoU=0.4900 train_nIoU=0.3294 耗时 29.0s
  [val]   epoch 138: mIoU=0.2141 nIoU=0.2651 PD=0.6027 FA(x1e6)=6.12 耗时 22.3s
  epoch 138 总耗时 51.3s
--- epoch 139/400 (PAL 调度基准 400) ---
  [train] epoch 139: loss_mean=0.012567 (min=0.0096, max=0.0177, batches=74) train_IoU=0.4936 train_nIoU=0.3298 耗时 28.0s
  [val]   epoch 139: mIoU=0.2351 nIoU=0.2984 PD=0.6771 FA(x1e6)=13.98 耗时 21.7s
  epoch 139 总耗时 49.8s
--- epoch 140/400 (PAL 调度基准 400) ---
  [train] epoch 140: loss_mean=0.012016 (min=0.0090, max=0.0196, batches=74) train_IoU=0.4969 train_nIoU=0.3307 耗时 28.3s
  [val]   epoch 140: mIoU=0.2520 nIoU=0.3132 PD=0.6784 FA(x1e6)=12.95 耗时 22.6s
  epoch 140 总耗时 50.9s
--- epoch 141/400 (PAL 调度基准 400) ---
  [增强轮] lose_point_ratio=0.4033
  开始标签的自更新--------
    [自更新] choose 池 1175 张
  开始认识并学习困难样本-----------
    [推理] no_choose 池 501 张
  本轮准入 2 张: ['000487.png', '001054.png']
生成的标签精细化完成！！！！！！
  此轮数据转移完成！！！！！ choose=1177 no_choose=499
  [train] epoch 141: loss_mean=0.011674 (min=0.0084, max=0.0162, batches=74) train_IoU=0.5076 train_nIoU=0.3320 耗时 28.3s
  [val]   epoch 141: mIoU=0.2668 nIoU=0.3228 PD=0.6804 FA(x1e6)=14.68 耗时 21.8s
  epoch 141 总耗时 88.7s
--- epoch 142/400 (PAL 调度基准 400) ---
  [train] epoch 142: loss_mean=0.011802 (min=0.0086, max=0.0192, batches=74) train_IoU=0.5044 train_nIoU=0.3470 耗时 28.7s
  [val]   epoch 142: mIoU=0.2736 nIoU=0.3301 PD=0.6870 FA(x1e6)=14.31 耗时 23.5s
  epoch 142 总耗时 52.1s
--- epoch 143/400 (PAL 调度基准 400) ---
  [train] epoch 143: loss_mean=0.011409 (min=0.0082, max=0.0167, batches=74) train_IoU=0.5099 train_nIoU=0.3443 耗时 28.7s
  [val]   epoch 143: mIoU=0.2752 nIoU=0.3363 PD=0.6684 FA(x1e6)=12.01 耗时 21.7s
  epoch 143 总耗时 50.5s
--- epoch 144/400 (PAL 调度基准 400) ---
  [train] epoch 144: loss_mean=0.011079 (min=0.0084, max=0.0171, batches=74) train_IoU=0.5232 train_nIoU=0.3532 耗时 28.1s
  [val]   epoch 144: mIoU=0.2673 nIoU=0.3421 PD=0.6917 FA(x1e6)=10.99 耗时 21.8s
  epoch 144 总耗时 49.9s
--- epoch 145/400 (PAL 调度基准 400) ---
  [train] epoch 145: loss_mean=0.011090 (min=0.0082, max=0.0187, batches=74) train_IoU=0.5023 train_nIoU=0.3405 耗时 29.1s
  [val]   epoch 145: mIoU=0.3111 nIoU=0.3631 PD=0.7349 FA(x1e6)=18.14 耗时 22.5s
  [ckpt] best mIoU=0.3111 已保存
  epoch 145 总耗时 51.6s
--- epoch 146/400 (PAL 调度基准 400) ---
  [增强轮] lose_point_ratio=0.4200
  开始标签的自更新--------
    [自更新] choose 池 1177 张
  开始认识并学习困难样本-----------
    [推理] no_choose 池 499 张
  本轮准入 33 张: ['000109.png', '000190.png', '000248.png', '000280.png', '000322.png', '000690.png', '000932.png', '000947.png', 'Misc_165.png', 'Misc_339.png']...
生成的标签精细化完成！！！！！！
  此轮数据转移完成！！！！！ choose=1210 no_choose=466
  [train] epoch 146: loss_mean=0.010502 (min=0.0074, max=0.0162, batches=76) train_IoU=0.5291 train_nIoU=0.3466 耗时 28.9s
  [val]   epoch 146: mIoU=0.2878 nIoU=0.3550 PD=0.7163 FA(x1e6)=15.25 耗时 22.4s
  epoch 146 总耗时 89.6s
--- epoch 147/400 (PAL 调度基准 400) ---
  [train] epoch 147: loss_mean=0.010130 (min=0.0072, max=0.0196, batches=76) train_IoU=0.5387 train_nIoU=0.3523 耗时 29.4s
  [val]   epoch 147: mIoU=0.2974 nIoU=0.3526 PD=0.7276 FA(x1e6)=17.81 耗时 22.5s
  epoch 147 总耗时 51.9s
--- epoch 148/400 (PAL 调度基准 400) ---
  [train] epoch 148: loss_mean=0.010255 (min=0.0072, max=0.0187, batches=76) train_IoU=0.5385 train_nIoU=0.3651 耗时 29.8s
  [val]   epoch 148: mIoU=0.2381 nIoU=0.3099 PD=0.6611 FA(x1e6)=6.95 耗时 21.7s
  epoch 148 总耗时 51.6s
--- epoch 149/400 (PAL 调度基准 400) ---
  [train] epoch 149: loss_mean=0.009890 (min=0.0068, max=0.0221, batches=76) train_IoU=0.5350 train_nIoU=0.3542 耗时 29.4s
  [val]   epoch 149: mIoU=0.2605 nIoU=0.3279 PD=0.7030 FA(x1e6)=10.32 耗时 21.8s
  epoch 149 总耗时 51.2s
--- epoch 150/400 (PAL 调度基准 400) ---
  [train] epoch 150: loss_mean=0.009462 (min=0.0070, max=0.0186, batches=76) train_IoU=0.5458 train_nIoU=0.3570 耗时 29.3s
  [val]   epoch 150: mIoU=0.3026 nIoU=0.3693 PD=0.7375 FA(x1e6)=16.15 耗时 22.6s
  epoch 150 总耗时 51.9s
--- epoch 151/400 (PAL 调度基准 400) ---
  [增强轮] lose_point_ratio=0.4367
  开始标签的自更新--------
    [自更新] choose 池 1210 张
  开始认识并学习困难样本-----------
    [推理] no_choose 池 466 张
  本轮准入 15 张: ['000097.png', '000146.png', '000168.png', '000254.png', '000301.png', 'Misc_344.png', 'XDU149.png', 'XDU392.png', 'XDU610.png', 'XDU612.png']...
生成的标签精细化完成！！！！！！
  此轮数据转移完成！！！！！ choose=1225 no_choose=451
  [train] epoch 151: loss_mean=0.009593 (min=0.0064, max=0.0168, batches=77) train_IoU=0.5374 train_nIoU=0.3621 耗时 29.8s
  [val]   epoch 151: mIoU=0.3490 nIoU=0.3962 PD=0.8040 FA(x1e6)=31.22 耗时 22.0s
  [ckpt] best mIoU=0.3490 已保存
  epoch 151 总耗时 90.6s
--- epoch 152/400 (PAL 调度基准 400) ---
  [train] epoch 152: loss_mean=0.009172 (min=0.0067, max=0.0132, batches=77) train_IoU=0.5459 train_nIoU=0.3597 耗时 29.3s
  [val]   epoch 152: mIoU=0.3112 nIoU=0.3675 PD=0.7588 FA(x1e6)=23.18 耗时 22.2s
  epoch 152 总耗时 51.6s
--- epoch 153/400 (PAL 调度基准 400) ---
  [train] epoch 153: loss_mean=0.009007 (min=0.0063, max=0.0152, batches=77) train_IoU=0.5680 train_nIoU=0.3881 耗时 31.0s
  [val]   epoch 153: mIoU=0.2889 nIoU=0.3552 PD=0.7216 FA(x1e6)=12.45 耗时 21.6s
  epoch 153 总耗时 52.6s
--- epoch 154/400 (PAL 调度基准 400) ---
  [train] epoch 154: loss_mean=0.009042 (min=0.0065, max=0.0144, batches=77) train_IoU=0.5399 train_nIoU=0.3607 耗时 29.1s
  [val]   epoch 154: mIoU=0.3295 nIoU=0.3781 PD=0.7728 FA(x1e6)=20.63 耗时 22.0s
  epoch 154 总耗时 51.2s
--- epoch 155/400 (PAL 调度基准 400) ---
  [train] epoch 155: loss_mean=0.008728 (min=0.0060, max=0.0134, batches=77) train_IoU=0.5507 train_nIoU=0.3648 耗时 29.4s
  [val]   epoch 155: mIoU=0.2547 nIoU=0.2791 PD=0.6352 FA(x1e6)=24.33 耗时 23.9s
  epoch 155 总耗时 53.3s
--- epoch 156/400 (PAL 调度基准 400) ---
  [增强轮] lose_point_ratio=0.4533
  开始标签的自更新--------
    [自更新] choose 池 1225 张
  开始认识并学习困难样本-----------
    [推理] no_choose 池 451 张
  本轮准入 32 张: ['000250.png', '000267.png', '000293.png', '000593.png', '000914.png', '001002.png', '001052.png', '001249.png', '001271.png', '001296.png']...
生成的标签精细化完成！！！！！！
  此轮数据转移完成！！！！！ choose=1257 no_choose=419
  [train] epoch 156: loss_mean=0.008457 (min=0.0057, max=0.0130, batches=79) train_IoU=0.5504 train_nIoU=0.3654 耗时 30.2s
  [val]   epoch 156: mIoU=0.3566 nIoU=0.4160 PD=0.8093 FA(x1e6)=18.84 耗时 21.8s
  [ckpt] best mIoU=0.3566 已保存
  epoch 156 总耗时 90.8s
--- epoch 157/400 (PAL 调度基准 400) ---
  [train] epoch 157: loss_mean=0.008329 (min=0.0056, max=0.0162, batches=79) train_IoU=0.5662 train_nIoU=0.3794 耗时 30.5s
  [val]   epoch 157: mIoU=0.3508 nIoU=0.4039 PD=0.7987 FA(x1e6)=26.73 耗时 22.9s
  epoch 157 总耗时 53.4s
--- epoch 158/400 (PAL 调度基准 400) ---
  [train] epoch 158: loss_mean=0.007918 (min=0.0057, max=0.0152, batches=79) train_IoU=0.5528 train_nIoU=0.3617 耗时 31.3s
  [val]   epoch 158: mIoU=0.3659 nIoU=0.4177 PD=0.8226 FA(x1e6)=26.41 耗时 21.8s
  [ckpt] best mIoU=0.3659 已保存
  epoch 158 总耗时 53.1s
--- epoch 159/400 (PAL 调度基准 400) ---
  [train] epoch 159: loss_mean=0.007946 (min=0.0052, max=0.0142, batches=79) train_IoU=0.5651 train_nIoU=0.3834 耗时 30.0s
  [val]   epoch 159: mIoU=0.3703 nIoU=0.4271 PD=0.8478 FA(x1e6)=40.83 耗时 22.6s
  [ckpt] best mIoU=0.3703 已保存
  epoch 159 总耗时 52.6s
--- epoch 160/400 (PAL 调度基准 400) ---
  [train] epoch 160: loss_mean=0.007556 (min=0.0048, max=0.0159, batches=79) train_IoU=0.5673 train_nIoU=0.3820 耗时 30.2s
  [val]   epoch 160: mIoU=0.3597 nIoU=0.4179 PD=0.8359 FA(x1e6)=32.10 耗时 22.5s
  epoch 160 总耗时 52.7s
--- epoch 161/400 (PAL 调度基准 400) ---
  [增强轮] lose_point_ratio=0.4700
  开始标签的自更新--------
    [自更新] choose 池 1257 张
  开始认识并学习困难样本-----------
    [推理] no_choose 池 419 张
  本轮准入 34 张: ['000121.png', '000143.png', '000236.png', '000251.png', '000277.png', '000290.png', '000306.png', '000310.png', '000317.png', '000428.png']...
生成的标签精细化完成！！！！！！
  此轮数据转移完成！！！！！ choose=1291 no_choose=385
  [train] epoch 161: loss_mean=0.007100 (min=0.0045, max=0.0144, batches=81) train_IoU=0.5786 train_nIoU=0.3967 耗时 31.6s
  [val]   epoch 161: mIoU=0.3717 nIoU=0.4150 PD=0.8439 FA(x1e6)=49.94 耗时 22.1s
  [ckpt] best mIoU=0.3717 已保存
  epoch 161 总耗时 92.1s
--- epoch 162/400 (PAL 调度基准 400) ---
  [train] epoch 162: loss_mean=0.007759 (min=0.0040, max=0.0145, batches=81) train_IoU=0.5709 train_nIoU=0.3926 耗时 31.1s
  [val]   epoch 162: mIoU=0.3738 nIoU=0.4176 PD=0.8365 FA(x1e6)=32.52 耗时 22.5s
  [ckpt] best mIoU=0.3738 已保存
  epoch 162 总耗时 53.7s
--- epoch 163/400 (PAL 调度基准 400) ---
  [train] epoch 163: loss_mean=0.006635 (min=0.0042, max=0.0143, batches=81) train_IoU=0.5782 train_nIoU=0.3960 耗时 31.7s
  [val]   epoch 163: mIoU=0.3772 nIoU=0.4279 PD=0.8372 FA(x1e6)=31.80 耗时 22.5s
  [ckpt] best mIoU=0.3772 已保存
  epoch 163 总耗时 54.2s
--- epoch 164/400 (PAL 调度基准 400) ---
  [train] epoch 164: loss_mean=0.007176 (min=0.0039, max=0.0155, batches=81) train_IoU=0.5693 train_nIoU=0.3975 耗时 30.8s
  [val]   epoch 164: mIoU=0.3905 nIoU=0.4302 PD=0.8465 FA(x1e6)=46.13 耗时 21.9s
  [ckpt] best mIoU=0.3905 已保存
  epoch 164 总耗时 52.8s
--- epoch 165/400 (PAL 调度基准 400) ---
  [train] epoch 165: loss_mean=0.005922 (min=0.0039, max=0.0106, batches=81) train_IoU=0.5658 train_nIoU=0.3866 耗时 31.3s
  [val]   epoch 165: mIoU=0.3927 nIoU=0.4289 PD=0.8545 FA(x1e6)=38.71 耗时 22.7s
  [ckpt] best mIoU=0.3927 已保存
  epoch 165 总耗时 54.0s
--- epoch 166/400 (PAL 调度基准 400) ---
  [增强轮] lose_point_ratio=0.4867
  开始标签的自更新--------
    [自更新] choose 池 1291 张
  开始认识并学习困难样本-----------
    [推理] no_choose 池 385 张
  本轮准入 79 张: ['000114.png', '000132.png', '000147.png', '000183.png', '000247.png', '000275.png', '000283.png', '000321.png', '000323.png', '000427.png']...
生成的标签精细化完成！！！！！！
  此轮数据转移完成！！！！！ choose=1370 no_choose=306
  [train] epoch 166: loss_mean=0.006885 (min=0.0037, max=0.0157, batches=86) train_IoU=0.5875 train_nIoU=0.4027 耗时 32.8s
  [val]   epoch 166: mIoU=0.3629 nIoU=0.4122 PD=0.8625 FA(x1e6)=57.15 耗时 21.8s
  epoch 166 总耗时 94.2s
--- epoch 167/400 (PAL 调度基准 400) ---
  [train] epoch 167: loss_mean=0.005451 (min=0.0033, max=0.0114, batches=86) train_IoU=0.5964 train_nIoU=0.4201 耗时 32.9s
  [val]   epoch 167: mIoU=0.3729 nIoU=0.4273 PD=0.8518 FA(x1e6)=42.47 耗时 23.3s
  epoch 167 总耗时 56.3s
--- epoch 168/400 (PAL 调度基准 400) ---
  [train] epoch 168: loss_mean=0.005737 (min=0.0036, max=0.0093, batches=86) train_IoU=0.6016 train_nIoU=0.4211 耗时 33.3s
  [val]   epoch 168: mIoU=0.3801 nIoU=0.4264 PD=0.8538 FA(x1e6)=31.28 耗时 21.9s
  epoch 168 总耗时 55.3s
--- epoch 169/400 (PAL 调度基准 400) ---
  [train] epoch 169: loss_mean=0.006764 (min=0.0035, max=0.0142, batches=86) train_IoU=0.5929 train_nIoU=0.4046 耗时 32.9s
  [val]   epoch 169: mIoU=0.3692 nIoU=0.4259 PD=0.8359 FA(x1e6)=19.80 耗时 21.9s
  epoch 169 总耗时 54.8s
--- epoch 170/400 (PAL 调度基准 400) ---
  [train] epoch 170: loss_mean=0.005128 (min=0.0030, max=0.0138, batches=86) train_IoU=0.5978 train_nIoU=0.4114 耗时 33.7s
  [val]   epoch 170: mIoU=0.3602 nIoU=0.4148 PD=0.8100 FA(x1e6)=19.02 耗时 22.5s
  epoch 170 总耗时 56.2s
--- epoch 171/400 (PAL 调度基准 400) ---
  [增强轮] lose_point_ratio=0.5033
  开始标签的自更新--------
    [自更新] choose 池 1370 张
  开始认识并学习困难样本-----------
    [推理] no_choose 池 306 张
  本轮准入 78 张: ['000094.png', '000119.png', '000125.png', '000136.png', '000149.png', '000152.png', '000154.png', '000160.png', '000227.png', '000239.png']...
生成的标签精细化完成！！！！！！
  此轮数据转移完成！！！！！ choose=1448 no_choose=228
  [train] epoch 171: loss_mean=0.004707 (min=0.0031, max=0.0086, batches=91) train_IoU=0.6002 train_nIoU=0.3968 耗时 34.8s
  [val]   epoch 171: mIoU=0.3714 nIoU=0.4185 PD=0.8206 FA(x1e6)=23.81 耗时 22.1s
  epoch 171 总耗时 95.2s
--- epoch 172/400 (PAL 调度基准 400) ---
  [train] epoch 172: loss_mean=0.004624 (min=0.0029, max=0.0081, batches=91) train_IoU=0.5990 train_nIoU=0.4118 耗时 35.3s
  [val]   epoch 172: mIoU=0.3514 nIoU=0.4014 PD=0.8126 FA(x1e6)=19.85 耗时 24.7s
  epoch 172 总耗时 60.0s
--- epoch 173/400 (PAL 调度基准 400) ---
  [train] epoch 173: loss_mean=0.004691 (min=0.0030, max=0.0076, batches=91) train_IoU=0.6087 train_nIoU=0.4109 耗时 38.4s
  [val]   epoch 173: mIoU=0.2951 nIoU=0.3546 PD=0.7176 FA(x1e6)=11.09 耗时 25.1s
  epoch 173 总耗时 63.5s
--- epoch 174/400 (PAL 调度基准 400) ---
  [train] epoch 174: loss_mean=0.005650 (min=0.0031, max=0.0117, batches=91) train_IoU=0.5998 train_nIoU=0.4190 耗时 38.2s
  [val]   epoch 174: mIoU=0.3006 nIoU=0.3581 PD=0.7256 FA(x1e6)=10.09 耗时 24.3s
  epoch 174 总耗时 62.5s
--- epoch 175/400 (PAL 调度基准 400) ---
  [train] epoch 175: loss_mean=0.004894 (min=0.0024, max=0.0115, batches=91) train_IoU=0.5856 train_nIoU=0.4099 耗时 38.7s
  [val]   epoch 175: mIoU=0.3820 nIoU=0.4262 PD=0.8605 FA(x1e6)=34.91 耗时 25.6s
  epoch 175 总耗时 64.2s
--- epoch 176/400 (PAL 调度基准 400) ---
  [增强轮] lose_point_ratio=0.5200
  开始标签的自更新--------
    [自更新] choose 池 1448 张
  开始认识并学习困难样本-----------
    [推理] no_choose 池 228 张
  本轮准入 20 张: ['000013.png', '000101.png', '000108.png', '000123.png', '000242.png', '000308.png', '000437.png', '000481.png', '000486.png', '000489.png']...
生成的标签精细化完成！！！！！！
  此轮数据转移完成！！！！！ choose=1468 no_choose=208
  [train] epoch 176: loss_mean=0.004840 (min=0.0026, max=0.0105, batches=92) train_IoU=0.5965 train_nIoU=0.4090 耗时 38.9s
  [val]   epoch 176: mIoU=0.3469 nIoU=0.3913 PD=0.7628 FA(x1e6)=16.24 耗时 25.6s
  epoch 176 总耗时 106.4s
--- epoch 177/400 (PAL 调度基准 400) ---
  [train] epoch 177: loss_mean=0.003689 (min=0.0024, max=0.0062, batches=92) train_IoU=0.6181 train_nIoU=0.4242 耗时 39.6s
  [val]   epoch 177: mIoU=0.3928 nIoU=0.4340 PD=0.8525 FA(x1e6)=24.14 耗时 24.2s
  [ckpt] best mIoU=0.3928 已保存
  epoch 177 总耗时 63.8s
--- epoch 178/400 (PAL 调度基准 400) ---
  [train] epoch 178: loss_mean=0.003745 (min=0.0024, max=0.0063, batches=92) train_IoU=0.6167 train_nIoU=0.4276 耗时 38.0s
  [val]   epoch 178: mIoU=0.3890 nIoU=0.4288 PD=0.8226 FA(x1e6)=17.91 耗时 24.8s
  epoch 178 总耗时 62.8s
--- epoch 179/400 (PAL 调度基准 400) ---
  [train] epoch 179: loss_mean=0.003746 (min=0.0024, max=0.0067, batches=92) train_IoU=0.6160 train_nIoU=0.4205 耗时 38.7s
  [val]   epoch 179: mIoU=0.3664 nIoU=0.4160 PD=0.8213 FA(x1e6)=18.48 耗时 24.8s
  epoch 179 总耗时 63.5s
--- epoch 180/400 (PAL 调度基准 400) ---
  [train] epoch 180: loss_mean=0.004057 (min=0.0025, max=0.0083, batches=92) train_IoU=0.6143 train_nIoU=0.4209 耗时 38.2s
  [val]   epoch 180: mIoU=0.4122 nIoU=0.4448 PD=0.8757 FA(x1e6)=38.09 耗时 24.9s
  [ckpt] best mIoU=0.4122 已保存
  epoch 180 总耗时 63.1s
--- epoch 181/400 (PAL 调度基准 400) ---
  [增强轮] lose_point_ratio=0.5367
  开始标签的自更新--------
    [自更新] choose 池 1468 张
  开始认识并学习困难样本-----------
    [推理] no_choose 池 208 张
  本轮准入 35 张: ['000118.png', '000424.png', '000442.png', '000501.png', '000512.png', '000584.png', '000590.png', '000886.png', '000956.png', '000959.png']...
生成的标签精细化完成！！！！！！
  此轮数据转移完成！！！！！ choose=1503 no_choose=173
  [train] epoch 181: loss_mean=0.003969 (min=0.0026, max=0.0068, batches=94) train_IoU=0.6243 train_nIoU=0.4279 耗时 40.7s
  [val]   epoch 181: mIoU=0.3975 nIoU=0.4348 PD=0.8458 FA(x1e6)=17.56 耗时 24.3s
  epoch 181 总耗时 107.7s
--- epoch 182/400 (PAL 调度基准 400) ---
  [train] epoch 182: loss_mean=0.004362 (min=0.0027, max=0.0083, batches=94) train_IoU=0.6186 train_nIoU=0.4286 耗时 39.5s
  [val]   epoch 182: mIoU=0.3841 nIoU=0.4290 PD=0.8385 FA(x1e6)=20.68 耗时 24.2s
  epoch 182 总耗时 63.7s
--- epoch 183/400 (PAL 调度基准 400) ---
  [train] epoch 183: loss_mean=0.004935 (min=0.0031, max=0.0077, batches=94) train_IoU=0.6274 train_nIoU=0.4412 耗时 39.5s
  [val]   epoch 183: mIoU=0.4008 nIoU=0.4490 PD=0.8645 FA(x1e6)=28.33 耗时 24.7s
  epoch 183 总耗时 64.2s
--- epoch 184/400 (PAL 调度基准 400) ---
  [train] epoch 184: loss_mean=0.005622 (min=0.0029, max=0.0120, batches=94) train_IoU=0.6121 train_nIoU=0.4257 耗时 40.0s
  [val]   epoch 184: mIoU=0.4171 nIoU=0.4474 PD=0.8578 FA(x1e6)=27.00 耗时 25.0s
  [ckpt] best mIoU=0.4171 已保存
  epoch 184 总耗时 65.1s
--- epoch 185/400 (PAL 调度基准 400) ---
  [train] epoch 185: loss_mean=0.003979 (min=0.0020, max=0.0108, batches=94) train_IoU=0.6174 train_nIoU=0.4235 耗时 39.8s
  [val]   epoch 185: mIoU=0.3896 nIoU=0.4301 PD=0.8505 FA(x1e6)=22.77 耗时 24.5s
  epoch 185 总耗时 64.3s
--- epoch 186/400 (PAL 调度基准 400) ---
  [增强轮] lose_point_ratio=0.5533
  开始标签的自更新--------
    [自更新] choose 池 1503 张
  开始认识并学习困难样本-----------
    [推理] no_choose 池 173 张
  本轮准入 0 张: []
生成的标签精细化完成！！！！！！
  此轮数据转移完成！！！！！ choose=1503 no_choose=173
  [train] epoch 186: loss_mean=0.003423 (min=0.0019, max=0.0070, batches=94) train_IoU=0.6204 train_nIoU=0.4364 耗时 36.1s
  [val]   epoch 186: mIoU=0.4085 nIoU=0.4480 PD=0.8571 FA(x1e6)=22.36 耗时 22.0s
  epoch 186 总耗时 101.7s
--- epoch 187/400 (PAL 调度基准 400) ---
  [train] epoch 187: loss_mean=0.003187 (min=0.0020, max=0.0063, batches=94) train_IoU=0.6368 train_nIoU=0.4397 耗时 36.4s
  [val]   epoch 187: mIoU=0.3969 nIoU=0.4376 PD=0.8412 FA(x1e6)=18.19 耗时 22.6s
  epoch 187 总耗时 59.0s
--- epoch 188/400 (PAL 调度基准 400) ---
  [train] epoch 188: loss_mean=0.002998 (min=0.0017, max=0.0060, batches=94) train_IoU=0.6414 train_nIoU=0.4461 耗时 36.7s
  [val]   epoch 188: mIoU=0.3955 nIoU=0.4396 PD=0.8631 FA(x1e6)=21.88 耗时 22.0s
  epoch 188 总耗时 58.7s
--- epoch 189/400 (PAL 调度基准 400) ---
  [train] epoch 189: loss_mean=0.003045 (min=0.0017, max=0.0057, batches=94) train_IoU=0.6445 train_nIoU=0.4505 耗时 36.1s
  [val]   epoch 189: mIoU=0.3625 nIoU=0.4108 PD=0.8007 FA(x1e6)=12.60 耗时 23.5s
  epoch 189 总耗时 59.6s
--- epoch 190/400 (PAL 调度基准 400) ---
  [train] epoch 190: loss_mean=0.003190 (min=0.0018, max=0.0070, batches=94) train_IoU=0.6267 train_nIoU=0.4325 耗时 40.1s
  [val]   epoch 190: mIoU=0.4124 nIoU=0.4564 PD=0.8618 FA(x1e6)=24.17 耗时 24.7s
  epoch 190 总耗时 64.9s
--- epoch 191/400 (PAL 调度基准 400) ---
  [增强轮] lose_point_ratio=0.5700
  开始标签的自更新--------
    [自更新] choose 池 1503 张
  开始认识并学习困难样本-----------
    [推理] no_choose 池 173 张
  本轮准入 3 张: ['001059.png', 'XDU27.png', 'XDU514.png']
生成的标签精细化完成！！！！！！
  此轮数据转移完成！！！！！ choose=1506 no_choose=170
  [train] epoch 191: loss_mean=0.002959 (min=0.0019, max=0.0067, batches=95) train_IoU=0.6508 train_nIoU=0.4518 耗时 39.8s
  [val]   epoch 191: mIoU=0.4114 nIoU=0.4328 PD=0.8857 FA(x1e6)=52.68 耗时 24.6s
  epoch 191 总耗时 108.0s
--- epoch 192/400 (PAL 调度基准 400) ---
  [train] epoch 192: loss_mean=0.003047 (min=0.0019, max=0.0065, batches=95) train_IoU=0.6447 train_nIoU=0.4518 耗时 40.0s
  [val]   epoch 192: mIoU=0.3988 nIoU=0.4280 PD=0.8625 FA(x1e6)=27.33 耗时 25.3s
  epoch 192 总耗时 65.3s
--- epoch 193/400 (PAL 调度基准 400) ---
  [train] epoch 193: loss_mean=0.003066 (min=0.0019, max=0.0062, batches=95) train_IoU=0.6420 train_nIoU=0.4475 耗时 39.3s
  [val]   epoch 193: mIoU=0.3892 nIoU=0.4121 PD=0.8890 FA(x1e6)=62.47 耗时 24.2s
  epoch 193 总耗时 63.5s
--- epoch 194/400 (PAL 调度基准 400) ---
  [train] epoch 194: loss_mean=0.003005 (min=0.0016, max=0.0054, batches=95) train_IoU=0.6412 train_nIoU=0.4515 耗时 39.3s
  [val]   epoch 194: mIoU=0.3975 nIoU=0.4223 PD=0.8638 FA(x1e6)=32.12 耗时 25.4s
  epoch 194 总耗时 64.7s
--- epoch 195/400 (PAL 调度基准 400) ---
  [train] epoch 195: loss_mean=0.002913 (min=0.0017, max=0.0061, batches=95) train_IoU=0.6393 train_nIoU=0.4425 耗时 39.9s
  [val]   epoch 195: mIoU=0.4018 nIoU=0.4267 PD=0.8638 FA(x1e6)=28.56 耗时 24.2s
  epoch 195 总耗时 64.1s
--- epoch 196/400 (PAL 调度基准 400) ---
  [增强轮] lose_point_ratio=0.5867
  开始标签的自更新--------
    [自更新] choose 池 1506 张
  开始认识并学习困难样本-----------
    [推理] no_choose 池 170 张
  本轮准入 25 张: ['000099.png', '000104.png', '000311.png', '000716.png', '000797.png', '000856.png', '000859.png', '000934.png', '000997.png', '001015.png']...
生成的标签精细化完成！！！！！！
  此轮数据转移完成！！！！！ choose=1531 no_choose=145
  [train] epoch 196: loss_mean=0.002913 (min=0.0019, max=0.0057, batches=96) train_IoU=0.6581 train_nIoU=0.4595 耗时 40.9s
  [val]   epoch 196: mIoU=0.4157 nIoU=0.4411 PD=0.9017 FA(x1e6)=39.17 耗时 25.2s
  epoch 196 总耗时 107.8s
--- epoch 197/400 (PAL 调度基准 400) ---
  [train] epoch 197: loss_mean=0.002892 (min=0.0016, max=0.0050, batches=96) train_IoU=0.6608 train_nIoU=0.4602 耗时 41.0s
  [val]   epoch 197: mIoU=0.4269 nIoU=0.4497 PD=0.8924 FA(x1e6)=43.21 耗时 24.2s
  [ckpt] best mIoU=0.4269 已保存
  epoch 197 总耗时 65.2s
--- epoch 198/400 (PAL 调度基准 400) ---
  [train] epoch 198: loss_mean=0.002778 (min=0.0017, max=0.0075, batches=96) train_IoU=0.6675 train_nIoU=0.4652 耗时 40.1s
  [val]   epoch 198: mIoU=0.4172 nIoU=0.4380 PD=0.8824 FA(x1e6)=27.31 耗时 24.3s
  epoch 198 总耗时 64.4s
--- epoch 199/400 (PAL 调度基准 400) ---
  [train] epoch 199: loss_mean=0.002808 (min=0.0016, max=0.0068, batches=96) train_IoU=0.6565 train_nIoU=0.4546 耗时 41.3s
  [val]   epoch 199: mIoU=0.4126 nIoU=0.4355 PD=0.8904 FA(x1e6)=29.41 耗时 24.6s
  epoch 199 总耗时 66.0s
--- epoch 200/400 (PAL 调度基准 400) ---
  [train] epoch 200: loss_mean=0.002842 (min=0.0017, max=0.0051, batches=96) train_IoU=0.6596 train_nIoU=0.4653 耗时 40.3s
  [val]   epoch 200: mIoU=0.4092 nIoU=0.4333 PD=0.8804 FA(x1e6)=25.95 耗时 24.3s
  epoch 200 总耗时 64.7s
--- epoch 201/400 (PAL 调度基准 400) ---
  [增强轮] lose_point_ratio=0.6033
  开始标签的自更新--------
    [自更新] choose 池 1531 张
  开始认识并学习困难样本-----------
    [推理] no_choose 池 145 张
  本轮准入 5 张: ['001014.png', 'Misc_245.png', 'XDU107.png', 'XDU229.png', 'XDU252.png']
生成的标签精细化完成！！！！！！
  此轮数据转移完成！！！！！ choose=1536 no_choose=140
  [train] epoch 201: loss_mean=0.002880 (min=0.0015, max=0.0063, batches=96) train_IoU=0.6656 train_nIoU=0.4695 耗时 41.7s
  [val]   epoch 201: mIoU=0.4063 nIoU=0.4454 PD=0.8744 FA(x1e6)=26.14 耗时 24.3s
  epoch 201 总耗时 108.2s
--- epoch 202/400 (PAL 调度基准 400) ---
  [train] epoch 202: loss_mean=0.002904 (min=0.0016, max=0.0058, batches=96) train_IoU=0.6575 train_nIoU=0.4546 耗时 39.9s
  [val]   epoch 202: mIoU=0.3775 nIoU=0.4096 PD=0.8213 FA(x1e6)=17.42 耗时 24.1s
  epoch 202 总耗时 64.0s
--- epoch 203/400 (PAL 调度基准 400) ---
  [train] epoch 203: loss_mean=0.002744 (min=0.0015, max=0.0058, batches=96) train_IoU=0.6787 train_nIoU=0.4749 耗时 41.6s
  [val]   epoch 203: mIoU=0.3882 nIoU=0.4306 PD=0.8432 FA(x1e6)=16.46 耗时 24.5s
  epoch 203 总耗时 66.2s
--- epoch 204/400 (PAL 调度基准 400) ---
  [train] epoch 204: loss_mean=0.002789 (min=0.0017, max=0.0061, batches=96) train_IoU=0.6719 train_nIoU=0.4732 耗时 39.8s
  [val]   epoch 204: mIoU=0.4135 nIoU=0.4362 PD=0.8904 FA(x1e6)=34.53 耗时 22.9s
  epoch 204 总耗时 62.7s
--- epoch 205/400 (PAL 调度基准 400) ---
  [train] epoch 205: loss_mean=0.002762 (min=0.0017, max=0.0051, batches=96) train_IoU=0.6651 train_nIoU=0.4680 耗时 37.0s
  [val]   epoch 205: mIoU=0.4184 nIoU=0.4565 PD=0.8884 FA(x1e6)=26.32 耗时 22.4s
  epoch 205 总耗时 59.5s
--- epoch 206/400 (PAL 调度基准 400) ---
  [增强轮] lose_point_ratio=0.6200
  开始标签的自更新--------
    [自更新] choose 池 1536 张
  开始认识并学习困难样本-----------
    [推理] no_choose 池 140 张
  本轮准入 6 张: ['000282.png', '000564.png', '000594.png', '001041.png', 'XDU331.png', 'XDU650.png']
生成的标签精细化完成！！！！！！
  此轮数据转移完成！！！！！ choose=1542 no_choose=134
  [train] epoch 206: loss_mean=0.002671 (min=0.0015, max=0.0065, batches=97) train_IoU=0.6725 train_nIoU=0.4736 耗时 36.8s
  [val]   epoch 206: mIoU=0.4199 nIoU=0.4476 PD=0.8837 FA(x1e6)=31.53 耗时 22.5s
  epoch 206 总耗时 97.5s
--- epoch 207/400 (PAL 调度基准 400) ---
  [train] epoch 207: loss_mean=0.002760 (min=0.0016, max=0.0060, batches=97) train_IoU=0.6704 train_nIoU=0.4649 耗时 37.1s
  [val]   epoch 207: mIoU=0.4052 nIoU=0.4424 PD=0.8618 FA(x1e6)=16.98 耗时 22.8s
  epoch 207 总耗时 59.9s
--- epoch 208/400 (PAL 调度基准 400) ---
  [train] epoch 208: loss_mean=0.002694 (min=0.0015, max=0.0092, batches=97) train_IoU=0.6747 train_nIoU=0.4760 耗时 37.9s
  [val]   epoch 208: mIoU=0.4436 nIoU=0.4629 PD=0.9196 FA(x1e6)=42.88 耗时 22.3s
  [ckpt] best mIoU=0.4436 已保存
  epoch 208 总耗时 60.2s
--- epoch 209/400 (PAL 调度基准 400) ---
  [train] epoch 209: loss_mean=0.002588 (min=0.0013, max=0.0052, batches=97) train_IoU=0.6797 train_nIoU=0.4759 耗时 36.4s
  [val]   epoch 209: mIoU=0.3897 nIoU=0.4156 PD=0.8286 FA(x1e6)=15.75 耗时 22.0s
  epoch 209 总耗时 58.4s
--- epoch 210/400 (PAL 调度基准 400) ---
  [train] epoch 210: loss_mean=0.002548 (min=0.0013, max=0.0050, batches=97) train_IoU=0.6833 train_nIoU=0.4832 耗时 37.9s
  [val]   epoch 210: mIoU=0.4195 nIoU=0.4377 PD=0.9017 FA(x1e6)=39.97 耗时 23.2s
  epoch 210 总耗时 61.1s
--- epoch 211/400 (PAL 调度基准 400) ---
  [增强轮] lose_point_ratio=0.6367
  开始标签的自更新--------
    [自更新] choose 池 1542 张
  开始认识并学习困难样本-----------
    [推理] no_choose 池 134 张
  本轮准入 7 张: ['000522.png', '001037.png', '001094.png', 'XDU180.png', 'XDU533.png', 'XDU780.png', 'XDU971.png']
生成的标签精细化完成！！！！！！
  此轮数据转移完成！！！！！ choose=1549 no_choose=127
  [train] epoch 211: loss_mean=0.002732 (min=0.0015, max=0.0060, batches=97) train_IoU=0.6753 train_nIoU=0.4818 耗时 37.0s
  [val]   epoch 211: mIoU=0.4208 nIoU=0.4499 PD=0.8897 FA(x1e6)=30.71 耗时 22.0s
  epoch 211 总耗时 96.6s
--- epoch 212/400 (PAL 调度基准 400) ---
  [train] epoch 212: loss_mean=0.002677 (min=0.0014, max=0.0054, batches=97) train_IoU=0.6738 train_nIoU=0.4733 耗时 38.3s
  [val]   epoch 212: mIoU=0.4014 nIoU=0.4136 PD=0.8817 FA(x1e6)=25.97 耗时 22.3s
  epoch 212 总耗时 60.7s
--- epoch 213/400 (PAL 调度基准 400) ---
  [train] epoch 213: loss_mean=0.002803 (min=0.0014, max=0.0061, batches=97) train_IoU=0.6684 train_nIoU=0.4751 耗时 36.9s
  [val]   epoch 213: mIoU=0.4221 nIoU=0.4439 PD=0.8824 FA(x1e6)=30.08 耗时 21.7s
  epoch 213 总耗时 58.6s
--- epoch 214/400 (PAL 调度基准 400) ---
  [train] epoch 214: loss_mean=0.002597 (min=0.0015, max=0.0064, batches=97) train_IoU=0.6904 train_nIoU=0.4923 耗时 37.1s
  [val]   epoch 214: mIoU=0.4132 nIoU=0.4449 PD=0.8997 FA(x1e6)=34.19 耗时 22.4s
  epoch 214 总耗时 59.5s
--- epoch 215/400 (PAL 调度基准 400) ---
  [train] epoch 215: loss_mean=0.002526 (min=0.0015, max=0.0051, batches=97) train_IoU=0.6834 train_nIoU=0.4839 耗时 38.2s
  [val]   epoch 215: mIoU=0.4229 nIoU=0.4477 PD=0.9183 FA(x1e6)=56.08 耗时 22.2s
  epoch 215 总耗时 60.4s
--- epoch 216/400 (PAL 调度基准 400) ---
  [增强轮] lose_point_ratio=0.6533
  开始标签的自更新--------
    [自更新] choose 池 1549 张
  开始认识并学习困难样本-----------
    [推理] no_choose 池 127 张
  本轮准入 20 张: ['000246.png', '000451.png', '000513.png', '000518.png', '000567.png', '000570.png', '000585.png', '000602.png', '000975.png', '000994.png']...
生成的标签精细化完成！！！！！！
  此轮数据转移完成！！！！！ choose=1569 no_choose=107
  [train] epoch 216: loss_mean=0.002591 (min=0.0007, max=0.0063, batches=99) train_IoU=0.6789 train_nIoU=0.4772 耗时 39.3s
  [val]   epoch 216: mIoU=0.3848 nIoU=0.3879 PD=0.8718 FA(x1e6)=40.55 耗时 24.3s
  epoch 216 总耗时 102.9s
--- epoch 217/400 (PAL 调度基准 400) ---
  [train] epoch 217: loss_mean=0.002488 (min=0.0013, max=0.0052, batches=99) train_IoU=0.6912 train_nIoU=0.4833 耗时 42.3s
  [val]   epoch 217: mIoU=0.4180 nIoU=0.4387 PD=0.9236 FA(x1e6)=87.40 耗时 25.9s
  epoch 217 总耗时 68.2s
--- epoch 218/400 (PAL 调度基准 400) ---
  [train] epoch 218: loss_mean=0.002639 (min=0.0015, max=0.0088, batches=99) train_IoU=0.6841 train_nIoU=0.4882 耗时 41.2s
  [val]   epoch 218: mIoU=0.3681 nIoU=0.3745 PD=0.8977 FA(x1e6)=102.99 耗时 23.9s
  epoch 218 总耗时 65.1s
--- epoch 219/400 (PAL 调度基准 400) ---
  [train] epoch 219: loss_mean=0.002678 (min=0.0014, max=0.0078, batches=99) train_IoU=0.7005 train_nIoU=0.5032 耗时 41.1s
  [val]   epoch 219: mIoU=0.4016 nIoU=0.4248 PD=0.8917 FA(x1e6)=60.73 耗时 25.5s
  epoch 219 总耗时 66.7s
--- epoch 220/400 (PAL 调度基准 400) ---
  [train] epoch 220: loss_mean=0.002696 (min=0.0004, max=0.0056, batches=99) train_IoU=0.6728 train_nIoU=0.4722 耗时 41.4s
  [val]   epoch 220: mIoU=0.4049 nIoU=0.4326 PD=0.9176 FA(x1e6)=103.70 耗时 24.1s
  epoch 220 总耗时 65.4s
--- epoch 221/400 (PAL 调度基准 400) ---
  [增强轮] lose_point_ratio=0.6700
  开始标签的自更新--------
    [自更新] choose 池 1569 张
  开始认识并学习困难样本-----------
    [推理] no_choose 池 107 张
  本轮准入 15 张: ['000276.png', '000453.png', '000459.png', '000571.png', '000869.png', '001282.png', 'Misc_134.png', 'Misc_337.png', 'XDU163.png', 'XDU300.png']...
生成的标签精细化完成！！！！！！
  此轮数据转移完成！！！！！ choose=1584 no_choose=92
  [train] epoch 221: loss_mean=0.002623 (min=0.0012, max=0.0063, batches=99) train_IoU=0.6843 train_nIoU=0.4861 耗时 42.8s
  [val]   epoch 221: mIoU=0.4110 nIoU=0.4327 PD=0.8997 FA(x1e6)=29.96 耗时 24.8s
  epoch 221 总耗时 109.3s
--- epoch 222/400 (PAL 调度基准 400) ---
  [train] epoch 222: loss_mean=0.002698 (min=0.0014, max=0.0138, batches=99) train_IoU=0.6806 train_nIoU=0.4852 耗时 41.4s
  [val]   epoch 222: mIoU=0.4159 nIoU=0.4414 PD=0.8930 FA(x1e6)=31.10 耗时 25.0s
  epoch 222 总耗时 66.5s
--- epoch 223/400 (PAL 调度基准 400) ---
  [train] epoch 223: loss_mean=0.002518 (min=0.0014, max=0.0044, batches=99) train_IoU=0.6897 train_nIoU=0.4897 耗时 41.1s
  [val]   epoch 223: mIoU=0.4166 nIoU=0.4464 PD=0.8924 FA(x1e6)=27.54 耗时 24.6s
  epoch 223 总耗时 65.6s
--- epoch 224/400 (PAL 调度基准 400) ---
  [train] epoch 224: loss_mean=0.002523 (min=0.0012, max=0.0062, batches=99) train_IoU=0.6935 train_nIoU=0.4883 耗时 42.6s
  [val]   epoch 224: mIoU=0.4228 nIoU=0.4441 PD=0.9023 FA(x1e6)=29.14 耗时 25.0s
  epoch 224 总耗时 67.6s
--- epoch 225/400 (PAL 调度基准 400) ---
  [train] epoch 225: loss_mean=0.002498 (min=0.0010, max=0.0050, batches=99) train_IoU=0.6955 train_nIoU=0.4961 耗时 41.3s
  [val]   epoch 225: mIoU=0.4260 nIoU=0.4486 PD=0.8990 FA(x1e6)=27.03 耗时 24.2s
  epoch 225 总耗时 65.5s
--- epoch 226/400 (PAL 调度基准 400) ---
  [增强轮] lose_point_ratio=0.6867
  开始标签的自更新--------
    [自更新] choose 池 1584 张
  开始认识并学习困难样本-----------
    [推理] no_choose 池 92 张
  本轮准入 2 张: ['000103.png', '001016.png']
生成的标签精细化完成！！！！！！
  此轮数据转移完成！！！！！ choose=1586 no_choose=90
  [train] epoch 226: loss_mean=0.002577 (min=0.0013, max=0.0064, batches=100) train_IoU=0.6929 train_nIoU=0.4997 耗时 42.4s
  [val]   epoch 226: mIoU=0.4237 nIoU=0.4350 PD=0.8804 FA(x1e6)=29.09 耗时 23.9s
  epoch 226 总耗时 108.5s
--- epoch 227/400 (PAL 调度基准 400) ---
  [train] epoch 227: loss_mean=0.002483 (min=0.0010, max=0.0072, batches=100) train_IoU=0.6943 train_nIoU=0.4853 耗时 40.9s
  [val]   epoch 227: mIoU=0.4213 nIoU=0.4373 PD=0.9176 FA(x1e6)=51.68 耗时 24.7s
  epoch 227 总耗时 65.6s
--- epoch 228/400 (PAL 调度基准 400) ---
  [train] epoch 228: loss_mean=0.002837 (min=0.0014, max=0.0174, batches=100) train_IoU=0.6839 train_nIoU=0.4905 耗时 42.3s
  [val]   epoch 228: mIoU=0.4225 nIoU=0.4399 PD=0.8850 FA(x1e6)=35.60 耗时 24.2s
  epoch 228 总耗时 66.5s
--- epoch 229/400 (PAL 调度基准 400) ---
  [train] epoch 229: loss_mean=0.002542 (min=0.0010, max=0.0059, batches=100) train_IoU=0.6833 train_nIoU=0.4819 耗时 39.7s
  [val]   epoch 229: mIoU=0.4156 nIoU=0.4267 PD=0.8837 FA(x1e6)=33.77 耗时 22.6s
  epoch 229 总耗时 62.4s
--- epoch 230/400 (PAL 调度基准 400) ---
  [train] epoch 230: loss_mean=0.002387 (min=0.0003, max=0.0076, batches=100) train_IoU=0.7017 train_nIoU=0.4929 耗时 38.2s
  [val]   epoch 230: mIoU=0.3510 nIoU=0.3592 PD=0.9548 FA(x1e6)=188.95 耗时 22.6s
  epoch 230 总耗时 60.8s
--- epoch 231/400 (PAL 调度基准 400) ---
  [增强轮] lose_point_ratio=0.7033
  开始标签的自更新--------
    [自更新] choose 池 1586 张
  开始认识并学习困难样本-----------
    [推理] no_choose 池 90 张
  本轮准入 26 张: ['000234.png', '000925.png', '000942.png', '000943.png', '000946.png', '000952.png', '000982.png', '001061.png', '001104.png', 'Misc_103.png']...
生成的标签精细化完成！！！！！！
  此轮数据转移完成！！！！！ choose=1612 no_choose=64
  [train] epoch 231: loss_mean=0.002565 (min=0.0012, max=0.0054, batches=101) train_IoU=0.7101 train_nIoU=0.5056 耗时 38.8s
  [val]   epoch 231: mIoU=0.4426 nIoU=0.4483 PD=0.9302 FA(x1e6)=48.27 耗时 21.9s
  epoch 231 总耗时 99.7s
--- epoch 232/400 (PAL 调度基准 400) ---
  [train] epoch 232: loss_mean=0.002866 (min=0.0014, max=0.0071, batches=101) train_IoU=0.6973 train_nIoU=0.5214 耗时 38.8s
  [val]   epoch 232: mIoU=0.4173 nIoU=0.4192 PD=0.9103 FA(x1e6)=42.61 耗时 23.0s
  epoch 232 总耗时 61.9s
--- epoch 233/400 (PAL 调度基准 400) ---
  [train] epoch 233: loss_mean=0.002794 (min=0.0014, max=0.0072, batches=101) train_IoU=0.6943 train_nIoU=0.4918 耗时 39.8s
  [val]   epoch 233: mIoU=0.4291 nIoU=0.4408 PD=0.9163 FA(x1e6)=36.71 耗时 21.7s
  epoch 233 总耗时 61.5s
--- epoch 234/400 (PAL 调度基准 400) ---
  [train] epoch 234: loss_mean=0.003007 (min=0.0014, max=0.0169, batches=101) train_IoU=0.6901 train_nIoU=0.4993 耗时 38.2s
  [val]   epoch 234: mIoU=0.4251 nIoU=0.4308 PD=0.9136 FA(x1e6)=40.29 耗时 21.6s
  epoch 234 总耗时 59.9s
--- epoch 235/400 (PAL 调度基准 400) ---
  [train] epoch 235: loss_mean=0.002505 (min=0.0015, max=0.0061, batches=101) train_IoU=0.7096 train_nIoU=0.5055 耗时 39.5s
  [val]   epoch 235: mIoU=0.4445 nIoU=0.4645 PD=0.9189 FA(x1e6)=32.22 耗时 22.4s
  [ckpt] best mIoU=0.4445 已保存
  epoch 235 总耗时 61.9s
--- epoch 236/400 (PAL 调度基准 400) ---
  [增强轮] lose_point_ratio=0.7200
  开始标签的自更新--------
    [自更新] choose 池 1612 张
  开始认识并学习困难样本-----------
    [推理] no_choose 池 64 张
  本轮准入 0 张: []
生成的标签精细化完成！！！！！！
  此轮数据转移完成！！！！！ choose=1612 no_choose=64
  [train] epoch 236: loss_mean=0.002651 (min=0.0013, max=0.0059, batches=101) train_IoU=0.7002 train_nIoU=0.5104 耗时 38.5s
  [val]   epoch 236: mIoU=0.4437 nIoU=0.4520 PD=0.9017 FA(x1e6)=27.59 耗时 22.7s
  epoch 236 总耗时 99.0s
--- epoch 237/400 (PAL 调度基准 400) ---
  [train] epoch 237: loss_mean=0.002460 (min=0.0014, max=0.0052, batches=101) train_IoU=0.7116 train_nIoU=0.5113 耗时 39.0s
  [val]   epoch 237: mIoU=0.4538 nIoU=0.4656 PD=0.9316 FA(x1e6)=48.67 耗时 22.8s
  [ckpt] best mIoU=0.4538 已保存
  epoch 237 总耗时 61.8s
--- epoch 238/400 (PAL 调度基准 400) ---
  [train] epoch 238: loss_mean=0.002665 (min=0.0011, max=0.0086, batches=101) train_IoU=0.7073 train_nIoU=0.5110 耗时 39.1s
  [val]   epoch 238: mIoU=0.4423 nIoU=0.4581 PD=0.9236 FA(x1e6)=36.04 耗时 22.5s
  epoch 238 总耗时 61.6s
--- epoch 239/400 (PAL 调度基准 400) ---
  [train] epoch 239: loss_mean=0.002548 (min=0.0011, max=0.0060, batches=101) train_IoU=0.7086 train_nIoU=0.5089 耗时 38.7s
  [val]   epoch 239: mIoU=0.4363 nIoU=0.4482 PD=0.9169 FA(x1e6)=44.26 耗时 22.1s
  epoch 239 总耗时 60.8s
--- epoch 240/400 (PAL 调度基准 400) ---
  [train] epoch 240: loss_mean=0.002525 (min=0.0009, max=0.0054, batches=101) train_IoU=0.7120 train_nIoU=0.5127 耗时 39.0s
  [val]   epoch 240: mIoU=0.4512 nIoU=0.4597 PD=0.9435 FA(x1e6)=53.66 耗时 23.3s
  epoch 240 总耗时 62.3s
--- epoch 241/400 (PAL 调度基准 400) ---
  [增强轮] lose_point_ratio=0.7367
  开始标签的自更新--------
    [自更新] choose 池 1612 张
  开始认识并学习困难样本-----------
    [推理] no_choose 池 64 张
  本轮准入 1 张: ['Misc_349.png']
生成的标签精细化完成！！！！！！
  此轮数据转移完成！！！！！ choose=1613 no_choose=63
  [train] epoch 241: loss_mean=0.002633 (min=0.0012, max=0.0145, batches=101) train_IoU=0.7119 train_nIoU=0.5190 耗时 38.4s
  [val]   epoch 241: mIoU=0.4247 nIoU=0.4323 PD=0.8890 FA(x1e6)=32.50 耗时 21.9s
  epoch 241 总耗时 99.2s
--- epoch 242/400 (PAL 调度基准 400) ---
  [train] epoch 242: loss_mean=0.002598 (min=0.0010, max=0.0065, batches=101) train_IoU=0.7041 train_nIoU=0.5098 耗时 40.0s
  [val]   epoch 242: mIoU=0.4458 nIoU=0.4520 PD=0.9395 FA(x1e6)=48.03 耗时 22.5s
  epoch 242 总耗时 62.5s
--- epoch 243/400 (PAL 调度基准 400) ---
  [train] epoch 243: loss_mean=0.002515 (min=0.0013, max=0.0070, batches=101) train_IoU=0.7138 train_nIoU=0.5090 耗时 38.7s
  [val]   epoch 243: mIoU=0.4347 nIoU=0.4320 PD=0.9123 FA(x1e6)=40.58 耗时 22.0s
  epoch 243 总耗时 60.7s
--- epoch 244/400 (PAL 调度基准 400) ---
  [train] epoch 244: loss_mean=0.002429 (min=0.0011, max=0.0056, batches=101) train_IoU=0.7163 train_nIoU=0.5137 耗时 39.1s
  [val]   epoch 244: mIoU=0.4272 nIoU=0.4281 PD=0.9203 FA(x1e6)=51.40 耗时 21.9s
  epoch 244 总耗时 61.1s
--- epoch 245/400 (PAL 调度基准 400) ---
  [train] epoch 245: loss_mean=0.002618 (min=0.0011, max=0.0075, batches=101) train_IoU=0.7094 train_nIoU=0.5130 耗时 39.6s
  [val]   epoch 245: mIoU=0.4437 nIoU=0.4550 PD=0.9262 FA(x1e6)=55.04 耗时 22.1s
  epoch 245 总耗时 61.7s
--- epoch 246/400 (PAL 调度基准 400) ---
  [增强轮] lose_point_ratio=0.7533
  开始标签的自更新--------
    [自更新] choose 池 1613 张
  开始认识并学习困难样本-----------
    [推理] no_choose 池 63 张
  本轮准入 2 张: ['000929.png', 'XDU327.png']
生成的标签精细化完成！！！！！！
  此轮数据转移完成！！！！！ choose=1615 no_choose=61
  [train] epoch 246: loss_mean=0.002542 (min=0.0012, max=0.0075, batches=101) train_IoU=0.7180 train_nIoU=0.5087 耗时 38.6s
  [val]   epoch 246: mIoU=0.4554 nIoU=0.4701 PD=0.9143 FA(x1e6)=28.02 耗时 21.8s
  [ckpt] best mIoU=0.4554 已保存
  epoch 246 总耗时 99.4s
--- epoch 247/400 (PAL 调度基准 400) ---
  [train] epoch 247: loss_mean=0.002621 (min=0.0014, max=0.0066, batches=101) train_IoU=0.7107 train_nIoU=0.5102 耗时 39.3s
  [val]   epoch 247: mIoU=0.4563 nIoU=0.4728 PD=0.9196 FA(x1e6)=29.37 耗时 23.0s
  [ckpt] best mIoU=0.4563 已保存
  epoch 247 总耗时 62.4s
--- epoch 248/400 (PAL 调度基准 400) ---
  [train] epoch 248: loss_mean=0.002436 (min=0.0012, max=0.0068, batches=101) train_IoU=0.7233 train_nIoU=0.5224 耗时 38.2s
  [val]   epoch 248: mIoU=0.4539 nIoU=0.4679 PD=0.9256 FA(x1e6)=36.45 耗时 21.7s
  epoch 248 总耗时 59.9s
--- epoch 249/400 (PAL 调度基准 400) ---
  [train] epoch 249: loss_mean=0.002564 (min=0.0012, max=0.0065, batches=101) train_IoU=0.7202 train_nIoU=0.5321 耗时 38.3s
  [val]   epoch 249: mIoU=0.4643 nIoU=0.4746 PD=0.9209 FA(x1e6)=35.01 耗时 22.4s
  [ckpt] best mIoU=0.4643 已保存
  epoch 249 总耗时 60.8s
--- epoch 250/400 (PAL 调度基准 400) ---
  [train] epoch 250: loss_mean=0.002453 (min=0.0012, max=0.0081, batches=101) train_IoU=0.7141 train_nIoU=0.5044 耗时 39.6s
  [val]   epoch 250: mIoU=0.4536 nIoU=0.4641 PD=0.9063 FA(x1e6)=26.07 耗时 22.0s
  epoch 250 总耗时 61.5s
--- epoch 251/400 (PAL 调度基准 400) ---
  [增强轮] lose_point_ratio=0.7700
  开始标签的自更新--------
    [自更新] choose 池 1615 张
  开始认识并学习困难样本-----------
    [推理] no_choose 池 61 张
  本轮准入 0 张: []
生成的标签精细化完成！！！！！！
  此轮数据转移完成！！！！！ choose=1615 no_choose=61
  [train] epoch 251: loss_mean=0.002466 (min=0.0012, max=0.0052, batches=101) train_IoU=0.7166 train_nIoU=0.5075 耗时 39.1s
  [val]   epoch 251: mIoU=0.4611 nIoU=0.4738 PD=0.9156 FA(x1e6)=37.95 耗时 21.8s
  epoch 251 总耗时 98.9s
--- epoch 252/400 (PAL 调度基准 400) ---
  [train] epoch 252: loss_mean=0.002690 (min=0.0013, max=0.0108, batches=101) train_IoU=0.7120 train_nIoU=0.5142 耗时 39.7s
  [val]   epoch 252: mIoU=0.4379 nIoU=0.4401 PD=0.9169 FA(x1e6)=45.32 耗时 22.3s
  epoch 252 总耗时 61.9s
--- epoch 253/400 (PAL 调度基准 400) ---
  [train] epoch 253: loss_mean=0.002455 (min=0.0011, max=0.0056, batches=101) train_IoU=0.7201 train_nIoU=0.5226 耗时 38.9s
  [val]   epoch 253: mIoU=0.4437 nIoU=0.4475 PD=0.9329 FA(x1e6)=45.33 耗时 22.0s
  epoch 253 总耗时 61.0s
--- epoch 254/400 (PAL 调度基准 400) ---
  [train] epoch 254: loss_mean=0.002349 (min=0.0009, max=0.0066, batches=101) train_IoU=0.7248 train_nIoU=0.5192 耗时 38.3s
  [val]   epoch 254: mIoU=0.4712 nIoU=0.4924 PD=0.9123 FA(x1e6)=25.46 耗时 22.4s
  [ckpt] best mIoU=0.4712 已保存
  epoch 254 总耗时 60.7s
--- epoch 255/400 (PAL 调度基准 400) ---
  [train] epoch 255: loss_mean=0.002466 (min=0.0010, max=0.0064, batches=101) train_IoU=0.7187 train_nIoU=0.5169 耗时 39.9s
  [val]   epoch 255: mIoU=0.4642 nIoU=0.4747 PD=0.9309 FA(x1e6)=44.45 耗时 21.9s
  epoch 255 总耗时 61.8s
--- epoch 256/400 (PAL 调度基准 400) ---
  [增强轮] lose_point_ratio=0.7867
  开始标签的自更新--------
    [自更新] choose 池 1615 张
  开始认识并学习困难样本-----------
    [推理] no_choose 池 61 张
  本轮准入 2 张: ['XDU15.png', 'XDU901.png']
生成的标签精细化完成！！！！！！
  此轮数据转移完成！！！！！ choose=1617 no_choose=59
  [train] epoch 256: loss_mean=0.002526 (min=0.0012, max=0.0075, batches=102) train_IoU=0.7225 train_nIoU=0.5205 耗时 38.7s
  [val]   epoch 256: mIoU=0.4288 nIoU=0.4406 PD=0.9070 FA(x1e6)=35.16 耗时 22.5s
  epoch 256 总耗时 98.9s
--- epoch 257/400 (PAL 调度基准 400) ---
  [train] epoch 257: loss_mean=0.002550 (min=0.0012, max=0.0070, batches=102) train_IoU=0.7159 train_nIoU=0.5241 耗时 40.0s
  [val]   epoch 257: mIoU=0.4135 nIoU=0.4197 PD=0.9037 FA(x1e6)=39.65 耗时 22.4s
  epoch 257 总耗时 62.4s
--- epoch 258/400 (PAL 调度基准 400) ---
  [train] epoch 258: loss_mean=0.002497 (min=0.0005, max=0.0059, batches=102) train_IoU=0.7136 train_nIoU=0.5091 耗时 38.8s
  [val]   epoch 258: mIoU=0.3887 nIoU=0.3833 PD=0.9302 FA(x1e6)=84.28 耗时 22.8s
  epoch 258 总耗时 61.6s
--- epoch 259/400 (PAL 调度基准 400) ---
  [train] epoch 259: loss_mean=0.002414 (min=0.0012, max=0.0063, batches=102) train_IoU=0.7255 train_nIoU=0.5195 耗时 38.9s
  [val]   epoch 259: mIoU=0.3511 nIoU=0.3386 PD=0.8053 FA(x1e6)=33.40 耗时 22.7s
  epoch 259 总耗时 61.6s
--- epoch 260/400 (PAL 调度基准 400) ---
  [train] epoch 260: loss_mean=0.002628 (min=0.0001, max=0.0065, batches=102) train_IoU=0.7082 train_nIoU=0.5161 耗时 39.8s
  [val]   epoch 260: mIoU=0.3489 nIoU=0.3277 PD=0.7635 FA(x1e6)=46.72 耗时 22.4s
  epoch 260 总耗时 62.3s
--- epoch 261/400 (PAL 调度基准 400) ---
  [增强轮] lose_point_ratio=0.8033
  开始标签的自更新--------
    [自更新] choose 池 1617 张
  开始认识并学习困难样本-----------
    [推理] no_choose 池 59 张
  本轮准入 2 张: ['XDU165.png', 'XDU29.png']
生成的标签精细化完成！！！！！！
  此轮数据转移完成！！！！！ choose=1619 no_choose=57
  [train] epoch 261: loss_mean=0.002527 (min=0.0010, max=0.0051, batches=102) train_IoU=0.7171 train_nIoU=0.5099 耗时 38.6s
  [val]   epoch 261: mIoU=0.4003 nIoU=0.3942 PD=0.9189 FA(x1e6)=60.98 耗时 22.6s
  epoch 261 总耗时 98.6s
--- epoch 262/400 (PAL 调度基准 400) ---
  [train] epoch 262: loss_mean=0.002519 (min=0.0012, max=0.0074, batches=102) train_IoU=0.7256 train_nIoU=0.5240 耗时 40.5s
  [val]   epoch 262: mIoU=0.4075 nIoU=0.4113 PD=0.9130 FA(x1e6)=55.19 耗时 21.9s
  epoch 262 总耗时 62.4s
--- epoch 263/400 (PAL 调度基准 400) ---
  [train] epoch 263: loss_mean=0.002462 (min=0.0011, max=0.0063, batches=102) train_IoU=0.7231 train_nIoU=0.5125 耗时 38.6s
  [val]   epoch 263: mIoU=0.4136 nIoU=0.4185 PD=0.9169 FA(x1e6)=48.92 耗时 22.0s
  epoch 263 总耗时 60.6s
--- epoch 264/400 (PAL 调度基准 400) ---
  [train] epoch 264: loss_mean=0.002566 (min=0.0012, max=0.0062, batches=102) train_IoU=0.7231 train_nIoU=0.5245 耗时 39.9s
  [val]   epoch 264: mIoU=0.4105 nIoU=0.4098 PD=0.9130 FA(x1e6)=57.20 耗时 22.5s
  epoch 264 总耗时 62.4s
--- epoch 265/400 (PAL 调度基准 400) ---
  [train] epoch 265: loss_mean=0.002529 (min=0.0010, max=0.0055, batches=102) train_IoU=0.7133 train_nIoU=0.5048 耗时 39.0s
  [val]   epoch 265: mIoU=0.4113 nIoU=0.4174 PD=0.9189 FA(x1e6)=52.19 耗时 21.7s
  epoch 265 总耗时 60.7s
--- epoch 266/400 (PAL 调度基准 400) ---
  [增强轮] lose_point_ratio=0.8200
  开始标签的自更新--------
    [自更新] choose 池 1619 张
  开始认识并学习困难样本-----------
    [推理] no_choose 池 57 张
  本轮准入 0 张: []
生成的标签精细化完成！！！！！！
  此轮数据转移完成！！！！！ choose=1619 no_choose=57
  [train] epoch 266: loss_mean=0.002458 (min=0.0013, max=0.0072, batches=102) train_IoU=0.7339 train_nIoU=0.5169 耗时 39.3s
  [val]   epoch 266: mIoU=0.4000 nIoU=0.3980 PD=0.9243 FA(x1e6)=61.81 耗时 22.5s
  epoch 266 总耗时 100.1s
--- epoch 267/400 (PAL 调度基准 400) ---
  [train] epoch 267: loss_mean=0.002438 (min=0.0012, max=0.0042, batches=102) train_IoU=0.7229 train_nIoU=0.5083 耗时 39.2s
  [val]   epoch 267: mIoU=0.3969 nIoU=0.3931 PD=0.9176 FA(x1e6)=66.49 耗时 22.4s
  epoch 267 总耗时 61.6s
--- epoch 268/400 (PAL 调度基准 400) ---
  [train] epoch 268: loss_mean=0.002496 (min=0.0011, max=0.0050, batches=102) train_IoU=0.7363 train_nIoU=0.5346 耗时 39.2s
  [val]   epoch 268: mIoU=0.4111 nIoU=0.4170 PD=0.8910 FA(x1e6)=37.37 耗时 22.1s
  epoch 268 总耗时 61.3s
--- epoch 269/400 (PAL 调度基准 400) ---
  [train] epoch 269: loss_mean=0.002316 (min=0.0008, max=0.0062, batches=102) train_IoU=0.7387 train_nIoU=0.5159 耗时 40.2s
  [val]   epoch 269: mIoU=0.3939 nIoU=0.3980 PD=0.9223 FA(x1e6)=67.71 耗时 22.8s
  epoch 269 总耗时 63.0s
--- epoch 270/400 (PAL 调度基准 400) ---
  [train] epoch 270: loss_mean=0.002447 (min=0.0007, max=0.0064, batches=102) train_IoU=0.7293 train_nIoU=0.5167 耗时 38.9s
  [val]   epoch 270: mIoU=0.4108 nIoU=0.4133 PD=0.9150 FA(x1e6)=46.41 耗时 21.9s
  epoch 270 总耗时 60.9s
--- epoch 271/400 (PAL 调度基准 400) ---
  [增强轮] lose_point_ratio=0.8367
  开始标签的自更新--------
    [自更新] choose 池 1619 张
  开始认识并学习困难样本-----------
    [推理] no_choose 池 57 张
  本轮准入 0 张: []
生成的标签精细化完成！！！！！！
  此轮数据转移完成！！！！！ choose=1619 no_choose=57
  [train] epoch 271: loss_mean=0.002544 (min=0.0012, max=0.0062, batches=102) train_IoU=0.7319 train_nIoU=0.5188 耗时 40.2s
  [val]   epoch 271: mIoU=0.4058 nIoU=0.4082 PD=0.9090 FA(x1e6)=49.90 耗时 22.2s
  epoch 271 总耗时 100.3s
--- epoch 272/400 (PAL 调度基准 400) ---
  [train] epoch 272: loss_mean=0.002471 (min=0.0011, max=0.0081, batches=102) train_IoU=0.7309 train_nIoU=0.5181 耗时 39.1s
  [val]   epoch 272: mIoU=0.3991 nIoU=0.3977 PD=0.9243 FA(x1e6)=55.30 耗时 22.0s
  epoch 272 总耗时 61.1s
--- epoch 273/400 (PAL 调度基准 400) ---
  [train] epoch 273: loss_mean=0.002504 (min=0.0010, max=0.0054, batches=102) train_IoU=0.7406 train_nIoU=0.5323 耗时 39.4s
  [val]   epoch 273: mIoU=0.4052 nIoU=0.4108 PD=0.9110 FA(x1e6)=41.39 耗时 22.6s
  epoch 273 总耗时 62.0s
--- epoch 274/400 (PAL 调度基准 400) ---
  [train] epoch 274: loss_mean=0.002656 (min=0.0012, max=0.0070, batches=102) train_IoU=0.7285 train_nIoU=0.5194 耗时 40.0s
  [val]   epoch 274: mIoU=0.3621 nIoU=0.3563 PD=0.8718 FA(x1e6)=60.14 耗时 22.0s
  epoch 274 总耗时 62.0s
--- epoch 275/400 (PAL 调度基准 400) ---
  [train] epoch 275: loss_mean=0.002586 (min=0.0010, max=0.0075, batches=102) train_IoU=0.7257 train_nIoU=0.5185 耗时 39.5s
  [val]   epoch 275: mIoU=0.3977 nIoU=0.3971 PD=0.9017 FA(x1e6)=53.54 耗时 21.8s
  epoch 275 总耗时 61.4s
--- epoch 276/400 (PAL 调度基准 400) ---
  [增强轮] lose_point_ratio=0.8533
  开始标签的自更新--------
    [自更新] choose 池 1619 张
  开始认识并学习困难样本-----------
    [推理] no_choose 池 57 张
  本轮准入 0 张: []
生成的标签精细化完成！！！！！！
  此轮数据转移完成！！！！！ choose=1619 no_choose=57
  [train] epoch 276: loss_mean=0.002550 (min=0.0009, max=0.0146, batches=102) train_IoU=0.7418 train_nIoU=0.5255 耗时 40.1s
  [val]   epoch 276: mIoU=0.3637 nIoU=0.3817 PD=0.9196 FA(x1e6)=140.15 耗时 22.5s
  epoch 276 总耗时 101.4s
--- epoch 277/400 (PAL 调度基准 400) ---
  [train] epoch 277: loss_mean=0.002751 (min=0.0014, max=0.0072, batches=102) train_IoU=0.7299 train_nIoU=0.5324 耗时 39.0s
  [val]   epoch 277: mIoU=0.3881 nIoU=0.3939 PD=0.8884 FA(x1e6)=49.26 耗时 21.9s
  epoch 277 总耗时 61.0s
--- epoch 278/400 (PAL 调度基准 400) ---
  [train] epoch 278: loss_mean=0.002245 (min=0.0011, max=0.0045, batches=102) train_IoU=0.7512 train_nIoU=0.5285 耗时 39.5s
  [val]   epoch 278: mIoU=0.4014 nIoU=0.4013 PD=0.9262 FA(x1e6)=60.50 耗时 23.2s
  epoch 278 总耗时 62.8s
--- epoch 279/400 (PAL 调度基准 400) ---
  [train] epoch 279: loss_mean=0.002583 (min=0.0011, max=0.0054, batches=102) train_IoU=0.7322 train_nIoU=0.5228 耗时 39.0s
  [val]   epoch 279: mIoU=0.3877 nIoU=0.3871 PD=0.9169 FA(x1e6)=71.02 耗时 22.0s
  epoch 279 总耗时 61.1s
--- epoch 280/400 (PAL 调度基准 400) ---
  [train] epoch 280: loss_mean=0.002556 (min=0.0010, max=0.0054, batches=102) train_IoU=0.7314 train_nIoU=0.5166 耗时 38.9s
  [val]   epoch 280: mIoU=0.3870 nIoU=0.3881 PD=0.9342 FA(x1e6)=74.71 耗时 23.2s
  epoch 280 总耗时 62.1s
--- epoch 281/400 (PAL 调度基准 400) ---
  [增强轮] lose_point_ratio=0.8700
  开始标签的自更新--------
    [自更新] choose 池 1619 张
  开始认识并学习困难样本-----------
    [推理] no_choose 池 57 张
  本轮准入 2 张: ['000530.png', 'Misc_284.png']
生成的标签精细化完成！！！！！！
  此轮数据转移完成！！！！！ choose=1621 no_choose=55
  [train] epoch 281: loss_mean=0.002463 (min=0.0010, max=0.0052, batches=102) train_IoU=0.7509 train_nIoU=0.5293 耗时 39.1s
  [val]   epoch 281: mIoU=0.3805 nIoU=0.3793 PD=0.9183 FA(x1e6)=66.54 耗时 22.2s
  epoch 281 总耗时 100.1s
--- epoch 282/400 (PAL 调度基准 400) ---
  [train] epoch 282: loss_mean=0.002687 (min=0.0010, max=0.0051, batches=102) train_IoU=0.7367 train_nIoU=0.5295 耗时 39.4s
  [val]   epoch 282: mIoU=0.3447 nIoU=0.3500 PD=0.9422 FA(x1e6)=129.15 耗时 22.6s
  epoch 282 总耗时 62.1s
--- epoch 283/400 (PAL 调度基准 400) ---
  [train] epoch 283: loss_mean=0.002608 (min=0.0010, max=0.0068, batches=102) train_IoU=0.7414 train_nIoU=0.5303 耗时 39.9s
  [val]   epoch 283: mIoU=0.3781 nIoU=0.3800 PD=0.9362 FA(x1e6)=84.06 耗时 22.0s
  epoch 283 总耗时 61.9s
--- epoch 284/400 (PAL 调度基准 400) ---
  [train] epoch 284: loss_mean=0.002594 (min=0.0012, max=0.0084, batches=102) train_IoU=0.7389 train_nIoU=0.5339 耗时 39.2s
  [val]   epoch 284: mIoU=0.3808 nIoU=0.3822 PD=0.9216 FA(x1e6)=65.28 耗时 22.0s
  epoch 284 总耗时 61.2s
--- epoch 285/400 (PAL 调度基准 400) ---
  [train] epoch 285: loss_mean=0.002521 (min=0.0009, max=0.0055, batches=102) train_IoU=0.7514 train_nIoU=0.5351 耗时 39.3s
  [val]   epoch 285: mIoU=0.3658 nIoU=0.3694 PD=0.9336 FA(x1e6)=80.54 耗时 22.8s
  epoch 285 总耗时 62.2s
--- epoch 286/400 (PAL 调度基准 400) ---
  [增强轮] lose_point_ratio=0.8867
  开始标签的自更新--------
    [自更新] choose 池 1621 张
  开始认识并学习困难样本-----------
    [推理] no_choose 池 55 张
  本轮准入 2 张: ['XDU738.png', 'XDU914.png']
生成的标签精细化完成！！！！！！
  此轮数据转移完成！！！！！ choose=1623 no_choose=53
  [train] epoch 286: loss_mean=0.002707 (min=0.0012, max=0.0099, batches=102) train_IoU=0.7493 train_nIoU=0.5257 耗时 39.2s
  [val]   epoch 286: mIoU=0.3790 nIoU=0.3804 PD=0.9130 FA(x1e6)=53.09 耗时 21.9s
  epoch 286 总耗时 100.2s
--- epoch 287/400 (PAL 调度基准 400) ---
  [train] epoch 287: loss_mean=0.002773 (min=0.0012, max=0.0079, batches=102) train_IoU=0.7397 train_nIoU=0.5273 耗时 39.5s
  [val]   epoch 287: mIoU=0.3789 nIoU=0.3797 PD=0.9163 FA(x1e6)=50.28 耗时 23.3s
  epoch 287 总耗时 62.8s
--- epoch 288/400 (PAL 调度基准 400) ---
  [train] epoch 288: loss_mean=0.002813 (min=0.0014, max=0.0089, batches=102) train_IoU=0.7447 train_nIoU=0.5481 耗时 39.5s
  [val]   epoch 288: mIoU=0.3734 nIoU=0.3713 PD=0.9183 FA(x1e6)=58.77 耗时 22.1s
  epoch 288 总耗时 61.6s
--- epoch 289/400 (PAL 调度基准 400) ---
  [train] epoch 289: loss_mean=0.002974 (min=0.0012, max=0.0177, batches=102) train_IoU=0.7376 train_nIoU=0.5376 耗时 39.1s
  [val]   epoch 289: mIoU=0.3747 nIoU=0.3824 PD=0.9349 FA(x1e6)=70.61 耗时 22.6s
  epoch 289 总耗时 61.7s
--- epoch 290/400 (PAL 调度基准 400) ---
  [train] epoch 290: loss_mean=0.002725 (min=0.0012, max=0.0067, batches=102) train_IoU=0.7487 train_nIoU=0.5273 耗时 40.1s
  [val]   epoch 290: mIoU=0.3758 nIoU=0.3736 PD=0.9150 FA(x1e6)=63.33 耗时 22.9s
  epoch 290 总耗时 63.1s
--- epoch 291/400 (PAL 调度基准 400) ---
  [增强轮] lose_point_ratio=0.9033
  开始标签的自更新--------
    [自更新] choose 池 1623 张
  开始认识并学习困难样本-----------
    [推理] no_choose 池 53 张
  本轮准入 0 张: []
生成的标签精细化完成！！！！！！
  此轮数据转移完成！！！！！ choose=1623 no_choose=53
  [train] epoch 291: loss_mean=0.002593 (min=0.0012, max=0.0059, batches=102) train_IoU=0.7606 train_nIoU=0.5390 耗时 39.3s
  [val]   epoch 291: mIoU=0.3772 nIoU=0.3718 PD=0.9262 FA(x1e6)=58.73 耗时 21.9s
  epoch 291 总耗时 99.7s
--- epoch 292/400 (PAL 调度基准 400) ---
  [train] epoch 292: loss_mean=0.002691 (min=0.0010, max=0.0057, batches=102) train_IoU=0.7487 train_nIoU=0.5347 耗时 39.9s
  [val]   epoch 292: mIoU=0.3757 nIoU=0.3761 PD=0.9169 FA(x1e6)=56.90 耗时 22.4s
  epoch 292 总耗时 62.3s
--- epoch 293/400 (PAL 调度基准 400) ---
  [train] epoch 293: loss_mean=0.002902 (min=0.0012, max=0.0104, batches=102) train_IoU=0.7465 train_nIoU=0.5442 耗时 39.6s
  [val]   epoch 293: mIoU=0.4033 nIoU=0.3996 PD=0.9150 FA(x1e6)=48.71 耗时 21.9s
  epoch 293 总耗时 61.6s
--- epoch 294/400 (PAL 调度基准 400) ---
  [train] epoch 294: loss_mean=0.002585 (min=0.0014, max=0.0050, batches=102) train_IoU=0.7503 train_nIoU=0.5312 耗时 39.0s
  [val]   epoch 294: mIoU=0.3887 nIoU=0.3904 PD=0.9342 FA(x1e6)=61.27 耗时 22.7s
  epoch 294 总耗时 61.7s
--- epoch 295/400 (PAL 调度基准 400) ---
  [train] epoch 295: loss_mean=0.002720 (min=0.0012, max=0.0074, batches=102) train_IoU=0.7464 train_nIoU=0.5350 耗时 40.4s
  [val]   epoch 295: mIoU=0.3891 nIoU=0.3836 PD=0.9282 FA(x1e6)=71.60 耗时 21.9s
  epoch 295 总耗时 62.3s
--- epoch 296/400 (PAL 调度基准 400) ---
  [增强轮] lose_point_ratio=0.9200
  开始标签的自更新--------
    [自更新] choose 池 1623 张
  开始认识并学习困难样本-----------
    [推理] no_choose 池 53 张
  本轮准入 7 张: ['000462.png', '000793.png', '001277.png', 'Misc_4.png', 'XDU554.png', 'XDU646.png', 'XDU710.png']
生成的标签精细化完成！！！！！！
  此轮数据转移完成！！！！！ choose=1630 no_choose=46
  [train] epoch 296: loss_mean=0.002925 (min=0.0012, max=0.0111, batches=102) train_IoU=0.7463 train_nIoU=0.5433 耗时 39.7s
  [val]   epoch 296: mIoU=0.4023 nIoU=0.4017 PD=0.9196 FA(x1e6)=38.18 耗时 22.3s
  epoch 296 总耗时 99.7s
--- epoch 297/400 (PAL 调度基准 400) ---
  [train] epoch 297: loss_mean=0.002725 (min=0.0012, max=0.0069, batches=102) train_IoU=0.7501 train_nIoU=0.5392 耗时 40.2s
  [val]   epoch 297: mIoU=0.3848 nIoU=0.3865 PD=0.9309 FA(x1e6)=53.36 耗时 21.8s
  epoch 297 总耗时 62.0s
--- epoch 298/400 (PAL 调度基准 400) ---
  [train] epoch 298: loss_mean=0.002785 (min=0.0012, max=0.0124, batches=102) train_IoU=0.7574 train_nIoU=0.5370 耗时 39.0s
  [val]   epoch 298: mIoU=0.3932 nIoU=0.3918 PD=0.9050 FA(x1e6)=40.62 耗时 22.1s
  epoch 298 总耗时 61.2s
--- epoch 299/400 (PAL 调度基准 400) ---
  [train] epoch 299: loss_mean=0.002622 (min=0.0013, max=0.0081, batches=102) train_IoU=0.7567 train_nIoU=0.5420 耗时 39.4s
  [val]   epoch 299: mIoU=0.3948 nIoU=0.3867 PD=0.9116 FA(x1e6)=44.71 耗时 22.7s
  epoch 299 总耗时 62.2s
--- epoch 300/400 (PAL 调度基准 400) ---
  [train] epoch 300: loss_mean=0.002759 (min=0.0010, max=0.0097, batches=102) train_IoU=0.7485 train_nIoU=0.5272 耗时 39.5s
  [val]   epoch 300: mIoU=0.3792 nIoU=0.3766 PD=0.9316 FA(x1e6)=70.06 耗时 22.4s
  epoch 300 总耗时 61.9s
--- epoch 301/400 (PAL 调度基准 400) ---
  [增强轮] lose_point_ratio=0.9367
  开始标签的自更新--------
    [自更新] choose 池 1630 张
  开始认识并学习困难样本-----------
    [推理] no_choose 池 46 张
  本轮准入 2 张: ['XDU124.png', 'XDU324.png']
生成的标签精细化完成！！！！！！
  此轮数据转移完成！！！！！ choose=1632 no_choose=44
  [train] epoch 301: loss_mean=0.003092 (min=0.0015, max=0.0088, batches=102) train_IoU=0.7448 train_nIoU=0.5483 耗时 39.3s
  [val]   epoch 301: mIoU=0.3831 nIoU=0.3819 PD=0.9322 FA(x1e6)=68.98 耗时 22.5s
  epoch 301 总耗时 99.6s
--- epoch 302/400 (PAL 调度基准 400) ---
  [train] epoch 302: loss_mean=0.003119 (min=0.0013, max=0.0105, batches=102) train_IoU=0.7365 train_nIoU=0.5265 耗时 39.9s
  [val]   epoch 302: mIoU=0.3737 nIoU=0.3669 PD=0.9030 FA(x1e6)=45.48 耗时 21.7s
  epoch 302 总耗时 61.6s
--- epoch 303/400 (PAL 调度基准 400) ---
  [train] epoch 303: loss_mean=0.003015 (min=0.0013, max=0.0082, batches=102) train_IoU=0.7315 train_nIoU=0.5261 耗时 38.7s
  [val]   epoch 303: mIoU=0.3894 nIoU=0.3905 PD=0.9329 FA(x1e6)=61.85 耗时 21.7s
  epoch 303 总耗时 60.4s
--- epoch 304/400 (PAL 调度基准 400) ---
  [train] epoch 304: loss_mean=0.002872 (min=0.0008, max=0.0075, batches=102) train_IoU=0.7495 train_nIoU=0.5360 耗时 40.8s
  [val]   epoch 304: mIoU=0.3864 nIoU=0.3822 PD=0.9103 FA(x1e6)=51.21 耗时 22.4s
  epoch 304 总耗时 63.2s
--- epoch 305/400 (PAL 调度基准 400) ---
  [train] epoch 305: loss_mean=0.002660 (min=0.0012, max=0.0061, batches=102) train_IoU=0.7592 train_nIoU=0.5428 耗时 38.9s
  [val]   epoch 305: mIoU=0.3976 nIoU=0.3877 PD=0.9143 FA(x1e6)=44.92 耗时 21.9s
  epoch 305 总耗时 60.8s
--- epoch 306/400 (PAL 调度基准 400) ---
  [增强轮] lose_point_ratio=0.9533
  开始标签的自更新--------
    [自更新] choose 池 1632 张
  开始认识并学习困难样本-----------
    [推理] no_choose 池 44 张
  本轮准入 0 张: []
生成的标签精细化完成！！！！！！
  此轮数据转移完成！！！！！ choose=1632 no_choose=44
  [train] epoch 306: loss_mean=0.002811 (min=0.0015, max=0.0066, batches=102) train_IoU=0.7513 train_nIoU=0.5448 耗时 39.8s
  [val]   epoch 306: mIoU=0.3782 nIoU=0.3731 PD=0.9176 FA(x1e6)=43.53 耗时 22.3s
  epoch 306 总耗时 100.7s
--- epoch 307/400 (PAL 调度基准 400) ---
  [train] epoch 307: loss_mean=0.002764 (min=0.0014, max=0.0085, batches=102) train_IoU=0.7606 train_nIoU=0.5439 耗时 39.3s
  [val]   epoch 307: mIoU=0.3941 nIoU=0.3910 PD=0.9183 FA(x1e6)=42.81 耗时 21.9s
  epoch 307 总耗时 61.2s
--- epoch 308/400 (PAL 调度基准 400) ---
  [train] epoch 308: loss_mean=0.002951 (min=0.0013, max=0.0070, batches=102) train_IoU=0.7446 train_nIoU=0.5460 耗时 38.9s
  [val]   epoch 308: mIoU=0.3904 nIoU=0.3857 PD=0.9216 FA(x1e6)=43.37 耗时 22.5s
  epoch 308 总耗时 61.4s
--- epoch 309/400 (PAL 调度基准 400) ---
  [train] epoch 309: loss_mean=0.002902 (min=0.0012, max=0.0191, batches=102) train_IoU=0.7448 train_nIoU=0.5331 耗时 40.2s
  [val]   epoch 309: mIoU=0.3839 nIoU=0.3851 PD=0.9302 FA(x1e6)=62.01 耗时 21.8s
  epoch 309 总耗时 62.1s
--- epoch 310/400 (PAL 调度基准 400) ---
  [train] epoch 310: loss_mean=0.002909 (min=0.0012, max=0.0092, batches=102) train_IoU=0.7450 train_nIoU=0.5360 耗时 38.6s
  [val]   epoch 310: mIoU=0.3731 nIoU=0.3729 PD=0.9090 FA(x1e6)=59.27 耗时 21.8s
  epoch 310 总耗时 60.5s
--- epoch 311/400 (PAL 调度基准 400) ---
  [增强轮] lose_point_ratio=0.9700
  开始标签的自更新--------
    [自更新] choose 池 1632 张
  开始认识并学习困难样本-----------
    [推理] no_choose 池 44 张
  本轮准入 0 张: []
生成的标签精细化完成！！！！！！
  此轮数据转移完成！！！！！ choose=1632 no_choose=44
  [train] epoch 311: loss_mean=0.002872 (min=0.0013, max=0.0081, batches=102) train_IoU=0.7558 train_nIoU=0.5520 耗时 41.0s
  [val]   epoch 311: mIoU=0.3831 nIoU=0.3753 PD=0.9309 FA(x1e6)=52.11 耗时 21.9s
  epoch 311 总耗时 101.3s
--- epoch 312/400 (PAL 调度基准 400) ---
  [train] epoch 312: loss_mean=0.002639 (min=0.0012, max=0.0060, batches=102) train_IoU=0.7661 train_nIoU=0.5415 耗时 39.0s
  [val]   epoch 312: mIoU=0.3868 nIoU=0.3820 PD=0.9355 FA(x1e6)=57.53 耗时 22.0s
  epoch 312 总耗时 61.0s
--- epoch 313/400 (PAL 调度基准 400) ---
  [train] epoch 313: loss_mean=0.002691 (min=0.0011, max=0.0068, batches=102) train_IoU=0.7634 train_nIoU=0.5479 耗时 40.0s
  [val]   epoch 313: mIoU=0.3798 nIoU=0.3777 PD=0.9209 FA(x1e6)=55.20 耗时 22.8s
  epoch 313 总耗时 62.8s
--- epoch 314/400 (PAL 调度基准 400) ---
  [train] epoch 314: loss_mean=0.002902 (min=0.0012, max=0.0138, batches=102) train_IoU=0.7506 train_nIoU=0.5286 耗时 39.3s
  [val]   epoch 314: mIoU=0.3938 nIoU=0.3945 PD=0.9422 FA(x1e6)=59.38 耗时 22.1s
  epoch 314 总耗时 61.4s
--- epoch 315/400 (PAL 调度基准 400) ---
  [train] epoch 315: loss_mean=0.002664 (min=0.0013, max=0.0063, batches=102) train_IoU=0.7633 train_nIoU=0.5507 耗时 39.7s
  [val]   epoch 315: mIoU=0.3882 nIoU=0.3809 PD=0.9316 FA(x1e6)=50.18 耗时 22.1s
  epoch 315 总耗时 61.9s
--- epoch 316/400 (PAL 调度基准 400) ---
  [增强轮] lose_point_ratio=0.9867
  开始标签的自更新--------
    [自更新] choose 池 1632 张
  开始认识并学习困难样本-----------
    [推理] no_choose 池 44 张
  本轮准入 0 张: []
生成的标签精细化完成！！！！！！
  此轮数据转移完成！！！！！ choose=1632 no_choose=44
  [train] epoch 316: loss_mean=0.002896 (min=0.0012, max=0.0067, batches=102) train_IoU=0.7603 train_nIoU=0.5597 耗时 39.7s
  [val]   epoch 316: mIoU=0.3907 nIoU=0.3836 PD=0.9342 FA(x1e6)=49.23 耗时 21.8s
  epoch 316 总耗时 100.7s
--- epoch 317/400 (PAL 调度基准 400) ---
  [train] epoch 317: loss_mean=0.002526 (min=0.0011, max=0.0057, batches=102) train_IoU=0.7744 train_nIoU=0.5461 耗时 38.8s
  [val]   epoch 317: mIoU=0.3642 nIoU=0.3632 PD=0.9309 FA(x1e6)=68.91 耗时 22.0s
  epoch 317 总耗时 60.8s
--- epoch 318/400 (PAL 调度基准 400) ---
  [train] epoch 318: loss_mean=0.002751 (min=0.0012, max=0.0097, batches=102) train_IoU=0.7618 train_nIoU=0.5394 耗时 40.5s
  [val]   epoch 318: mIoU=0.3790 nIoU=0.3682 PD=0.9003 FA(x1e6)=43.42 耗时 22.2s
  epoch 318 总耗时 62.7s
--- epoch 319/400 (PAL 调度基准 400) ---
  [train] epoch 319: loss_mean=0.002718 (min=0.0011, max=0.0089, batches=102) train_IoU=0.7588 train_nIoU=0.5465 耗时 39.0s
  [val]   epoch 319: mIoU=0.3759 nIoU=0.3730 PD=0.9256 FA(x1e6)=56.64 耗时 22.0s
  epoch 319 总耗时 61.0s
--- epoch 320/400 (PAL 调度基准 400) ---
  [train] epoch 320: loss_mean=0.002702 (min=0.0013, max=0.0054, batches=102) train_IoU=0.7586 train_nIoU=0.5412 耗时 40.4s
  [val]   epoch 320: mIoU=0.3963 nIoU=0.3872 PD=0.9249 FA(x1e6)=49.23 耗时 24.8s
  epoch 320 总耗时 65.3s
--- epoch 321/400 (PAL 调度基准 400) ---
  [增强轮] lose_point_ratio=1.0033
  开始标签的自更新--------
    [自更新] choose 池 1632 张
  开始认识并学习困难样本-----------
    [推理] no_choose 池 44 张
  本轮准入 44 张: ['000102.png', '000274.png', '000460.png', '000464.png', '000514.png', '000515.png', '000549.png', '000586.png', '000695.png', '000937.png']...
生成的标签精细化完成！！！！！！
  此轮数据转移完成！！！！！ choose=1676 no_choose=0
  [train] epoch 321: loss_mean=0.002924 (min=0.0011, max=0.0090, batches=105) train_IoU=0.7400 train_nIoU=0.5101 耗时 44.5s
  [val]   epoch 321: mIoU=0.3981 nIoU=0.3945 PD=0.8924 FA(x1e6)=29.48 耗时 25.1s
  epoch 321 总耗时 112.8s
--- epoch 322/400 (PAL 调度基准 400) ---
  [train] epoch 322: loss_mean=0.002818 (min=0.0010, max=0.0067, batches=105) train_IoU=0.7493 train_nIoU=0.5191 耗时 44.6s
  [val]   epoch 322: mIoU=0.4055 nIoU=0.4002 PD=0.9209 FA(x1e6)=37.00 耗时 24.8s
  epoch 322 总耗时 69.4s
--- epoch 323/400 (PAL 调度基准 400) ---
  [train] epoch 323: loss_mean=0.002718 (min=0.0011, max=0.0082, batches=105) train_IoU=0.7622 train_nIoU=0.5340 耗时 44.1s
  [val]   epoch 323: mIoU=0.4077 nIoU=0.4057 PD=0.9342 FA(x1e6)=45.75 耗时 24.1s
  epoch 323 总耗时 68.2s
--- epoch 324/400 (PAL 调度基准 400) ---
  [train] epoch 324: loss_mean=0.002789 (min=0.0013, max=0.0095, batches=105) train_IoU=0.7586 train_nIoU=0.5392 耗时 43.8s
  [val]   epoch 324: mIoU=0.4037 nIoU=0.3935 PD=0.9003 FA(x1e6)=30.37 耗时 24.7s
  epoch 324 总耗时 68.6s
--- epoch 325/400 (PAL 调度基准 400) ---
  [train] epoch 325: loss_mean=0.002672 (min=0.0011, max=0.0071, batches=105) train_IoU=0.7623 train_nIoU=0.5299 耗时 45.5s
  [val]   epoch 325: mIoU=0.4138 nIoU=0.4130 PD=0.9282 FA(x1e6)=44.62 耗时 24.2s
  epoch 325 总耗时 69.8s
--- epoch 326/400 (PAL 调度基准 400) ---
  [精炼轮] 开始标签的自更新--------
    [自更新] choose 池 1676 张
  [train] epoch 326: loss_mean=0.002762 (min=0.0010, max=0.0064, batches=105) train_IoU=0.7598 train_nIoU=0.5377 耗时 44.7s
  [val]   epoch 326: mIoU=0.4136 nIoU=0.4088 PD=0.9189 FA(x1e6)=35.51 耗时 25.1s
  epoch 326 总耗时 111.6s
--- epoch 327/400 (PAL 调度基准 400) ---
  [train] epoch 327: loss_mean=0.002830 (min=0.0012, max=0.0066, batches=105) train_IoU=0.7567 train_nIoU=0.5305 耗时 44.3s
  [val]   epoch 327: mIoU=0.4115 nIoU=0.4106 PD=0.9169 FA(x1e6)=36.12 耗时 24.6s
  epoch 327 总耗时 68.9s
--- epoch 328/400 (PAL 调度基准 400) ---
  [train] epoch 328: loss_mean=0.002843 (min=0.0013, max=0.0096, batches=105) train_IoU=0.7583 train_nIoU=0.5333 耗时 45.0s
  [val]   epoch 328: mIoU=0.3875 nIoU=0.3838 PD=0.9262 FA(x1e6)=49.43 耗时 24.4s
  epoch 328 总耗时 69.4s
--- epoch 329/400 (PAL 调度基准 400) ---
  [train] epoch 329: loss_mean=0.002666 (min=0.0013, max=0.0063, batches=105) train_IoU=0.7649 train_nIoU=0.5328 耗时 44.8s
  [val]   epoch 329: mIoU=0.4130 nIoU=0.4066 PD=0.9136 FA(x1e6)=41.08 耗时 24.1s
  epoch 329 总耗时 68.9s
--- epoch 330/400 (PAL 调度基准 400) ---
  [train] epoch 330: loss_mean=0.002856 (min=0.0011, max=0.0081, batches=105) train_IoU=0.7569 train_nIoU=0.5355 耗时 44.3s
  [val]   epoch 330: mIoU=0.4043 nIoU=0.3993 PD=0.9010 FA(x1e6)=33.77 耗时 24.0s
  epoch 330 总耗时 68.3s
--- epoch 331/400 (PAL 调度基准 400) ---
  [精炼轮] 开始标签的自更新--------
    [自更新] choose 池 1676 张
  [train] epoch 331: loss_mean=0.002749 (min=0.0010, max=0.0143, batches=105) train_IoU=0.7614 train_nIoU=0.5327 耗时 44.9s
  [val]   epoch 331: mIoU=0.4066 nIoU=0.4043 PD=0.9183 FA(x1e6)=37.50 耗时 24.1s
  epoch 331 总耗时 111.2s
--- epoch 332/400 (PAL 调度基准 400) ---
  [train] epoch 332: loss_mean=0.002604 (min=0.0011, max=0.0066, batches=105) train_IoU=0.7641 train_nIoU=0.5315 耗时 43.8s
  [val]   epoch 332: mIoU=0.4076 nIoU=0.4001 PD=0.9203 FA(x1e6)=37.06 耗时 24.1s
  epoch 332 总耗时 67.9s
--- epoch 333/400 (PAL 调度基准 400) ---
  [train] epoch 333: loss_mean=0.002864 (min=0.0012, max=0.0073, batches=105) train_IoU=0.7591 train_nIoU=0.5367 耗时 45.2s
  [val]   epoch 333: mIoU=0.3964 nIoU=0.3878 PD=0.9203 FA(x1e6)=44.78 耗时 24.5s
  epoch 333 总耗时 69.8s
--- epoch 334/400 (PAL 调度基准 400) ---
  [train] epoch 334: loss_mean=0.002767 (min=0.0011, max=0.0099, batches=105) train_IoU=0.7593 train_nIoU=0.5261 耗时 43.7s
  [val]   epoch 334: mIoU=0.4104 nIoU=0.4008 PD=0.9322 FA(x1e6)=45.60 耗时 24.2s
  epoch 334 总耗时 67.9s
--- epoch 335/400 (PAL 调度基准 400) ---
  [train] epoch 335: loss_mean=0.002616 (min=0.0011, max=0.0060, batches=105) train_IoU=0.7656 train_nIoU=0.5274 耗时 44.9s
  [val]   epoch 335: mIoU=0.4007 nIoU=0.3948 PD=0.9322 FA(x1e6)=42.83 耗时 24.9s
  epoch 335 总耗时 69.8s
--- epoch 336/400 (PAL 调度基准 400) ---
  [精炼轮] 开始标签的自更新--------
    [自更新] choose 池 1676 张
  [train] epoch 336: loss_mean=0.002495 (min=0.0012, max=0.0051, batches=105) train_IoU=0.7719 train_nIoU=0.5310 耗时 44.4s
  [val]   epoch 336: mIoU=0.4211 nIoU=0.4138 PD=0.9203 FA(x1e6)=35.28 耗时 24.0s
  epoch 336 总耗时 110.5s
--- epoch 337/400 (PAL 调度基准 400) ---
  [train] epoch 337: loss_mean=0.002678 (min=0.0010, max=0.0082, batches=105) train_IoU=0.7652 train_nIoU=0.5376 耗时 44.6s
  [val]   epoch 337: mIoU=0.4229 nIoU=0.4169 PD=0.9236 FA(x1e6)=33.71 耗时 24.9s
  epoch 337 总耗时 69.5s
--- epoch 338/400 (PAL 调度基准 400) ---
  [train] epoch 338: loss_mean=0.002572 (min=0.0011, max=0.0058, batches=105) train_IoU=0.7695 train_nIoU=0.5344 耗时 44.3s
  [val]   epoch 338: mIoU=0.4084 nIoU=0.4023 PD=0.9136 FA(x1e6)=41.47 耗时 24.3s
  epoch 338 总耗时 68.6s
--- epoch 339/400 (PAL 调度基准 400) ---
  [train] epoch 339: loss_mean=0.002786 (min=0.0010, max=0.0098, batches=105) train_IoU=0.7589 train_nIoU=0.5331 耗时 43.7s
  [val]   epoch 339: mIoU=0.4051 nIoU=0.4010 PD=0.9123 FA(x1e6)=51.16 耗时 25.3s
  epoch 339 总耗时 69.0s
--- epoch 340/400 (PAL 调度基准 400) ---
  [train] epoch 340: loss_mean=0.002561 (min=0.0010, max=0.0079, batches=105) train_IoU=0.7680 train_nIoU=0.5323 耗时 44.8s
  [val]   epoch 340: mIoU=0.4101 nIoU=0.4014 PD=0.9282 FA(x1e6)=39.72 耗时 24.3s
  epoch 340 总耗时 69.1s
--- epoch 341/400 (PAL 调度基准 400) ---
  [精炼轮] 开始标签的自更新--------
    [自更新] choose 池 1676 张
  [train] epoch 341: loss_mean=0.002730 (min=0.0008, max=0.0063, batches=105) train_IoU=0.7608 train_nIoU=0.5381 耗时 44.6s
  [val]   epoch 341: mIoU=0.4179 nIoU=0.4148 PD=0.9316 FA(x1e6)=46.68 耗时 25.0s
  epoch 341 总耗时 111.7s
--- epoch 342/400 (PAL 调度基准 400) ---
  [train] epoch 342: loss_mean=0.002715 (min=0.0010, max=0.0058, batches=105) train_IoU=0.7555 train_nIoU=0.5331 耗时 44.6s
  [val]   epoch 342: mIoU=0.4125 nIoU=0.4127 PD=0.9256 FA(x1e6)=34.96 耗时 24.5s
  epoch 342 总耗时 69.2s
--- epoch 343/400 (PAL 调度基准 400) ---
  [train] epoch 343: loss_mean=0.002727 (min=0.0012, max=0.0085, batches=105) train_IoU=0.7661 train_nIoU=0.5475 耗时 43.9s
  [val]   epoch 343: mIoU=0.3942 nIoU=0.3945 PD=0.9336 FA(x1e6)=46.22 耗时 23.9s
  epoch 343 总耗时 67.9s
--- epoch 344/400 (PAL 调度基准 400) ---
  [train] epoch 344: loss_mean=0.002706 (min=0.0013, max=0.0139, batches=105) train_IoU=0.7751 train_nIoU=0.5511 耗时 44.5s
  [val]   epoch 344: mIoU=0.3845 nIoU=0.3838 PD=0.9296 FA(x1e6)=55.92 耗时 25.1s
  epoch 344 总耗时 69.6s
--- epoch 345/400 (PAL 调度基准 400) ---
  [train] epoch 345: loss_mean=0.002639 (min=0.0012, max=0.0122, batches=105) train_IoU=0.7666 train_nIoU=0.5435 耗时 43.5s
  [val]   epoch 345: mIoU=0.3984 nIoU=0.3968 PD=0.9262 FA(x1e6)=35.98 耗时 24.1s
  epoch 345 总耗时 67.7s
--- epoch 346/400 (PAL 调度基准 400) ---
  [精炼轮] 开始标签的自更新--------
    [自更新] choose 池 1676 张
  [train] epoch 346: loss_mean=0.002542 (min=0.0011, max=0.0078, batches=105) train_IoU=0.7740 train_nIoU=0.5330 耗时 45.3s
  [val]   epoch 346: mIoU=0.4027 nIoU=0.3978 PD=0.9302 FA(x1e6)=43.30 耗时 24.4s
  epoch 346 总耗时 111.2s
--- epoch 347/400 (PAL 调度基准 400) ---
  [train] epoch 347: loss_mean=0.002590 (min=0.0012, max=0.0067, batches=105) train_IoU=0.7704 train_nIoU=0.5392 耗时 44.0s
  [val]   epoch 347: mIoU=0.4088 nIoU=0.4074 PD=0.9110 FA(x1e6)=31.70 耗时 25.4s
  epoch 347 总耗时 69.5s
--- epoch 348/400 (PAL 调度基准 400) ---
  [train] epoch 348: loss_mean=0.002726 (min=0.0012, max=0.0070, batches=105) train_IoU=0.7561 train_nIoU=0.5239 耗时 44.2s
  [val]   epoch 348: mIoU=0.3964 nIoU=0.3977 PD=0.9349 FA(x1e6)=67.47 耗时 25.1s
  epoch 348 总耗时 69.3s
--- epoch 349/400 (PAL 调度基准 400) ---
  [train] epoch 349: loss_mean=0.002653 (min=0.0011, max=0.0054, batches=105) train_IoU=0.7653 train_nIoU=0.5350 耗时 44.0s
  [val]   epoch 349: mIoU=0.4070 nIoU=0.3999 PD=0.9316 FA(x1e6)=37.02 耗时 24.9s
  epoch 349 总耗时 68.9s
--- epoch 350/400 (PAL 调度基准 400) ---
  [train] epoch 350: loss_mean=0.002533 (min=0.0011, max=0.0076, batches=105) train_IoU=0.7686 train_nIoU=0.5231 耗时 43.6s
  [val]   epoch 350: mIoU=0.4076 nIoU=0.4037 PD=0.9163 FA(x1e6)=33.45 耗时 24.3s
  epoch 350 总耗时 67.9s
--- epoch 351/400 (PAL 调度基准 400) ---
  [精炼轮] 开始标签的自更新--------
    [自更新] choose 池 1676 张
  [train] epoch 351: loss_mean=0.002536 (min=0.0013, max=0.0060, batches=105) train_IoU=0.7714 train_nIoU=0.5442 耗时 44.0s
  [val]   epoch 351: mIoU=0.4131 nIoU=0.4072 PD=0.9282 FA(x1e6)=37.23 耗时 24.3s
  epoch 351 总耗时 112.3s
--- epoch 352/400 (PAL 调度基准 400) ---
  [train] epoch 352: loss_mean=0.002531 (min=0.0008, max=0.0056, batches=105) train_IoU=0.7685 train_nIoU=0.5359 耗时 43.7s
  [val]   epoch 352: mIoU=0.4015 nIoU=0.3971 PD=0.9262 FA(x1e6)=48.37 耗时 25.3s
  epoch 352 总耗时 69.0s
--- epoch 353/400 (PAL 调度基准 400) ---
  [train] epoch 353: loss_mean=0.002757 (min=0.0013, max=0.0097, batches=105) train_IoU=0.7689 train_nIoU=0.5405 耗时 44.5s
  [val]   epoch 353: mIoU=0.3939 nIoU=0.3955 PD=0.9243 FA(x1e6)=39.96 耗时 24.0s
  epoch 353 总耗时 68.6s
--- epoch 354/400 (PAL 调度基准 400) ---
  [train] epoch 354: loss_mean=0.002653 (min=0.0010, max=0.0059, batches=105) train_IoU=0.7586 train_nIoU=0.5210 耗时 44.1s
  [val]   epoch 354: mIoU=0.3970 nIoU=0.3913 PD=0.9249 FA(x1e6)=37.31 耗时 24.0s
  epoch 354 总耗时 68.2s
--- epoch 355/400 (PAL 调度基准 400) ---
  [train] epoch 355: loss_mean=0.002492 (min=0.0011, max=0.0060, batches=105) train_IoU=0.7700 train_nIoU=0.5333 耗时 44.4s
  [val]   epoch 355: mIoU=0.4081 nIoU=0.3978 PD=0.9256 FA(x1e6)=35.56 耗时 24.9s
  epoch 355 总耗时 69.4s
--- epoch 356/400 (PAL 调度基准 400) ---
  [精炼轮] 开始标签的自更新--------
    [自更新] choose 池 1676 张
  [train] epoch 356: loss_mean=0.002603 (min=0.0013, max=0.0079, batches=105) train_IoU=0.7634 train_nIoU=0.5318 耗时 43.7s
  [val]   epoch 356: mIoU=0.4090 nIoU=0.4042 PD=0.9369 FA(x1e6)=44.98 耗时 24.1s
  epoch 356 总耗时 110.6s
--- epoch 357/400 (PAL 调度基准 400) ---
  [train] epoch 357: loss_mean=0.002809 (min=0.0011, max=0.0117, batches=105) train_IoU=0.7526 train_nIoU=0.5222 耗时 45.0s
  [val]   epoch 357: mIoU=0.4059 nIoU=0.4042 PD=0.9110 FA(x1e6)=26.94 耗时 24.6s
  epoch 357 总耗时 69.6s
--- epoch 358/400 (PAL 调度基准 400) ---
  [train] epoch 358: loss_mean=0.002588 (min=0.0010, max=0.0074, batches=105) train_IoU=0.7641 train_nIoU=0.5252 耗时 44.0s
  [val]   epoch 358: mIoU=0.4164 nIoU=0.4150 PD=0.9163 FA(x1e6)=34.38 耗时 24.3s
  epoch 358 总耗时 68.4s
--- epoch 359/400 (PAL 调度基准 400) ---
  [train] epoch 359: loss_mean=0.002672 (min=0.0011, max=0.0083, batches=105) train_IoU=0.7638 train_nIoU=0.5232 耗时 44.7s
  [val]   epoch 359: mIoU=0.4081 nIoU=0.4000 PD=0.9156 FA(x1e6)=34.83 耗时 24.8s
  epoch 359 总耗时 69.5s
--- epoch 360/400 (PAL 调度基准 400) ---
  [train] epoch 360: loss_mean=0.002479 (min=0.0011, max=0.0059, batches=105) train_IoU=0.7758 train_nIoU=0.5302 耗时 44.2s
  [val]   epoch 360: mIoU=0.4183 nIoU=0.4139 PD=0.9150 FA(x1e6)=26.74 耗时 24.3s
  epoch 360 总耗时 68.6s
--- epoch 361/400 (PAL 调度基准 400) ---
  [精炼轮] 开始标签的自更新--------
    [自更新] choose 池 1676 张
  [train] epoch 361: loss_mean=0.002682 (min=0.0011, max=0.0113, batches=105) train_IoU=0.7635 train_nIoU=0.5374 耗时 44.4s
  [val]   epoch 361: mIoU=0.4150 nIoU=0.4095 PD=0.9003 FA(x1e6)=22.49 耗时 24.8s
  epoch 361 总耗时 112.4s
--- epoch 362/400 (PAL 调度基准 400) ---
  [train] epoch 362: loss_mean=0.002666 (min=0.0011, max=0.0059, batches=105) train_IoU=0.7608 train_nIoU=0.5330 耗时 44.3s
  [val]   epoch 362: mIoU=0.4135 nIoU=0.4126 PD=0.9236 FA(x1e6)=35.65 耗时 24.6s
  epoch 362 总耗时 68.9s
--- epoch 363/400 (PAL 调度基准 400) ---
  [train] epoch 363: loss_mean=0.002478 (min=0.0011, max=0.0064, batches=105) train_IoU=0.7649 train_nIoU=0.5277 耗时 44.1s
  [val]   epoch 363: mIoU=0.4050 nIoU=0.4048 PD=0.9143 FA(x1e6)=28.39 耗时 24.8s
  epoch 363 总耗时 68.9s
--- epoch 364/400 (PAL 调度基准 400) ---
  [train] epoch 364: loss_mean=0.002600 (min=0.0012, max=0.0064, batches=105) train_IoU=0.7599 train_nIoU=0.5298 耗时 45.1s
  [val]   epoch 364: mIoU=0.4056 nIoU=0.3978 PD=0.9389 FA(x1e6)=41.36 耗时 24.3s
  epoch 364 总耗时 69.4s
--- epoch 365/400 (PAL 调度基准 400) ---
  [train] epoch 365: loss_mean=0.002587 (min=0.0011, max=0.0066, batches=105) train_IoU=0.7617 train_nIoU=0.5276 耗时 43.9s
  [val]   epoch 365: mIoU=0.4190 nIoU=0.4064 PD=0.9309 FA(x1e6)=36.77 耗时 24.5s
  epoch 365 总耗时 68.4s
--- epoch 366/400 (PAL 调度基准 400) ---
  [精炼轮] 开始标签的自更新--------
    [自更新] choose 池 1676 张
  [train] epoch 366: loss_mean=0.002430 (min=0.0009, max=0.0046, batches=105) train_IoU=0.7727 train_nIoU=0.5333 耗时 44.3s
  [val]   epoch 366: mIoU=0.4111 nIoU=0.4021 PD=0.9409 FA(x1e6)=45.85 耗时 24.4s
  epoch 366 总耗时 112.7s
--- epoch 367/400 (PAL 调度基准 400) ---
  [train] epoch 367: loss_mean=0.002475 (min=0.0012, max=0.0057, batches=105) train_IoU=0.7670 train_nIoU=0.5345 耗时 44.5s
  [val]   epoch 367: mIoU=0.3984 nIoU=0.3928 PD=0.9203 FA(x1e6)=30.56 耗时 24.6s
  epoch 367 总耗时 69.1s
--- epoch 368/400 (PAL 调度基准 400) ---
  [train] epoch 368: loss_mean=0.002575 (min=0.0009, max=0.0067, batches=105) train_IoU=0.7684 train_nIoU=0.5310 耗时 45.4s
  [val]   epoch 368: mIoU=0.3924 nIoU=0.3856 PD=0.9163 FA(x1e6)=38.39 耗时 24.7s
  epoch 368 总耗时 70.1s
--- epoch 369/400 (PAL 调度基准 400) ---
  [train] epoch 369: loss_mean=0.002469 (min=0.0010, max=0.0048, batches=105) train_IoU=0.7710 train_nIoU=0.5351 耗时 44.7s
  [val]   epoch 369: mIoU=0.4281 nIoU=0.4231 PD=0.9150 FA(x1e6)=20.77 耗时 24.4s
  epoch 369 总耗时 69.1s
--- epoch 370/400 (PAL 调度基准 400) ---
  [train] epoch 370: loss_mean=0.002556 (min=0.0011, max=0.0064, batches=105) train_IoU=0.7582 train_nIoU=0.5381 耗时 44.7s
  [val]   epoch 370: mIoU=0.4010 nIoU=0.3956 PD=0.9189 FA(x1e6)=28.18 耗时 25.7s
  epoch 370 总耗时 70.4s
--- epoch 371/400 (PAL 调度基准 400) ---
  [精炼轮] 开始标签的自更新--------
    [自更新] choose 池 1676 张
  [train] epoch 371: loss_mean=0.002504 (min=0.0013, max=0.0063, batches=105) train_IoU=0.7642 train_nIoU=0.5379 耗时 44.4s
  [val]   epoch 371: mIoU=0.4222 nIoU=0.4107 PD=0.9150 FA(x1e6)=25.21 耗时 24.8s
  epoch 371 总耗时 111.3s
--- epoch 372/400 (PAL 调度基准 400) ---
  [train] epoch 372: loss_mean=0.002377 (min=0.0011, max=0.0056, batches=105) train_IoU=0.7761 train_nIoU=0.5464 耗时 45.2s
  [val]   epoch 372: mIoU=0.4070 nIoU=0.3985 PD=0.9435 FA(x1e6)=61.64 耗时 24.9s
  epoch 372 总耗时 70.2s
--- epoch 373/400 (PAL 调度基准 400) ---
  [train] epoch 373: loss_mean=0.002622 (min=0.0010, max=0.0097, batches=105) train_IoU=0.7606 train_nIoU=0.5343 耗时 43.9s
  [val]   epoch 373: mIoU=0.4141 nIoU=0.4048 PD=0.9369 FA(x1e6)=31.30 耗时 25.3s
  epoch 373 总耗时 69.2s
--- epoch 374/400 (PAL 调度基准 400) ---
  [train] epoch 374: loss_mean=0.002401 (min=0.0010, max=0.0060, batches=105) train_IoU=0.7689 train_nIoU=0.5243 耗时 44.2s
  [val]   epoch 374: mIoU=0.4127 nIoU=0.4051 PD=0.9302 FA(x1e6)=45.44 耗时 24.9s
  epoch 374 总耗时 69.1s
--- epoch 375/400 (PAL 调度基准 400) ---
  [train] epoch 375: loss_mean=0.002734 (min=0.0009, max=0.0069, batches=105) train_IoU=0.7621 train_nIoU=0.5502 耗时 44.4s
  [val]   epoch 375: mIoU=0.4157 nIoU=0.4086 PD=0.9176 FA(x1e6)=31.07 耗时 25.1s
  epoch 375 总耗时 69.5s
--- epoch 376/400 (PAL 调度基准 400) ---
  [精炼轮] 开始标签的自更新--------
    [自更新] choose 池 1676 张
  [train] epoch 376: loss_mean=0.002467 (min=0.0008, max=0.0057, batches=105) train_IoU=0.7682 train_nIoU=0.5387 耗时 44.5s
  [val]   epoch 376: mIoU=0.4156 nIoU=0.4069 PD=0.9296 FA(x1e6)=34.54 耗时 25.7s
  epoch 376 总耗时 112.1s
--- epoch 377/400 (PAL 调度基准 400) ---
  [train] epoch 377: loss_mean=0.002519 (min=0.0013, max=0.0065, batches=105) train_IoU=0.7655 train_nIoU=0.5330 耗时 44.2s
  [val]   epoch 377: mIoU=0.4193 nIoU=0.4134 PD=0.9003 FA(x1e6)=25.72 耗时 24.6s
  epoch 377 总耗时 68.8s
--- epoch 378/400 (PAL 调度基准 400) ---
  [train] epoch 378: loss_mean=0.002499 (min=0.0010, max=0.0060, batches=105) train_IoU=0.7678 train_nIoU=0.5380 耗时 44.2s
  [val]   epoch 378: mIoU=0.4155 nIoU=0.4004 PD=0.9269 FA(x1e6)=36.30 耗时 25.4s
  epoch 378 总耗时 69.6s
--- epoch 379/400 (PAL 调度基准 400) ---
  [train] epoch 379: loss_mean=0.002515 (min=0.0013, max=0.0064, batches=105) train_IoU=0.7656 train_nIoU=0.5374 耗时 44.6s
  [val]   epoch 379: mIoU=0.4154 nIoU=0.4043 PD=0.9037 FA(x1e6)=24.12 耗时 24.3s
  epoch 379 总耗时 69.0s
--- epoch 380/400 (PAL 调度基准 400) ---
  [train] epoch 380: loss_mean=0.002483 (min=0.0013, max=0.0058, batches=105) train_IoU=0.7691 train_nIoU=0.5407 耗时 44.3s
  [val]   epoch 380: mIoU=0.4088 nIoU=0.4044 PD=0.9130 FA(x1e6)=24.05 耗时 24.2s
  epoch 380 总耗时 68.5s
--- epoch 381/400 (PAL 调度基准 400) ---
  [精炼轮] 开始标签的自更新--------
    [自更新] choose 池 1676 张
  [train] epoch 381: loss_mean=0.002484 (min=0.0009, max=0.0069, batches=105) train_IoU=0.7725 train_nIoU=0.5403 耗时 44.9s
  [val]   epoch 381: mIoU=0.4217 nIoU=0.4203 PD=0.9229 FA(x1e6)=23.32 耗时 25.2s
  epoch 381 总耗时 112.2s
--- epoch 382/400 (PAL 调度基准 400) ---
  [train] epoch 382: loss_mean=0.002484 (min=0.0012, max=0.0064, batches=105) train_IoU=0.7668 train_nIoU=0.5391 耗时 43.7s
  [val]   epoch 382: mIoU=0.4164 nIoU=0.4098 PD=0.9056 FA(x1e6)=24.66 耗时 24.1s
  epoch 382 总耗时 67.8s
--- epoch 383/400 (PAL 调度基准 400) ---
  [train] epoch 383: loss_mean=0.002574 (min=0.0010, max=0.0066, batches=105) train_IoU=0.7565 train_nIoU=0.5352 耗时 44.8s
  [val]   epoch 383: mIoU=0.4101 nIoU=0.4074 PD=0.9023 FA(x1e6)=27.52 耗时 24.7s
  epoch 383 总耗时 69.5s
--- epoch 384/400 (PAL 调度基准 400) ---
  [train] epoch 384: loss_mean=0.002467 (min=0.0009, max=0.0071, batches=105) train_IoU=0.7702 train_nIoU=0.5382 耗时 44.2s
  [val]   epoch 384: mIoU=0.4174 nIoU=0.4077 PD=0.9289 FA(x1e6)=44.46 耗时 24.5s
  epoch 384 总耗时 68.7s
--- epoch 385/400 (PAL 调度基准 400) ---
  [train] epoch 385: loss_mean=0.002447 (min=0.0010, max=0.0092, batches=105) train_IoU=0.7733 train_nIoU=0.5306 耗时 44.9s
  [val]   epoch 385: mIoU=0.4139 nIoU=0.4089 PD=0.9123 FA(x1e6)=22.54 耗时 24.8s
  epoch 385 总耗时 69.7s
--- epoch 386/400 (PAL 调度基准 400) ---
  [精炼轮] 开始标签的自更新--------
    [自更新] choose 池 1676 张
  [train] epoch 386: loss_mean=0.002568 (min=0.0013, max=0.0074, batches=105) train_IoU=0.7606 train_nIoU=0.5334 耗时 44.8s
  [val]   epoch 386: mIoU=0.4146 nIoU=0.4104 PD=0.9203 FA(x1e6)=27.90 耗时 24.9s
  epoch 386 总耗时 112.0s
--- epoch 387/400 (PAL 调度基准 400) ---
  [train] epoch 387: loss_mean=0.002298 (min=0.0008, max=0.0052, batches=105) train_IoU=0.7792 train_nIoU=0.5363 耗时 44.9s
  [val]   epoch 387: mIoU=0.4027 nIoU=0.3991 PD=0.9150 FA(x1e6)=22.93 耗时 25.1s
  epoch 387 总耗时 70.0s
--- epoch 388/400 (PAL 调度基准 400) ---
  [train] epoch 388: loss_mean=0.002351 (min=0.0008, max=0.0059, batches=105) train_IoU=0.7742 train_nIoU=0.5402 耗时 44.4s
  [val]   epoch 388: mIoU=0.4250 nIoU=0.4132 PD=0.9123 FA(x1e6)=23.11 耗时 24.5s
  epoch 388 总耗时 68.9s
--- epoch 389/400 (PAL 调度基准 400) ---
  [train] epoch 389: loss_mean=0.002227 (min=0.0008, max=0.0066, batches=105) train_IoU=0.7802 train_nIoU=0.5291 耗时 44.0s
  [val]   epoch 389: mIoU=0.4228 nIoU=0.4147 PD=0.9229 FA(x1e6)=27.14 耗时 24.9s
  epoch 389 总耗时 68.9s
--- epoch 390/400 (PAL 调度基准 400) ---
  [train] epoch 390: loss_mean=0.002353 (min=0.0009, max=0.0059, batches=105) train_IoU=0.7710 train_nIoU=0.5356 耗时 45.5s
  [val]   epoch 390: mIoU=0.4125 nIoU=0.4082 PD=0.9296 FA(x1e6)=45.60 耗时 24.6s
  epoch 390 总耗时 70.0s
--- epoch 391/400 (PAL 调度基准 400) ---
  [精炼轮] 开始标签的自更新--------
    [自更新] choose 池 1676 张
  [train] epoch 391: loss_mean=0.002265 (min=0.0010, max=0.0047, batches=105) train_IoU=0.7745 train_nIoU=0.5380 耗时 44.7s
  [val]   epoch 391: mIoU=0.4275 nIoU=0.4258 PD=0.9150 FA(x1e6)=33.53 耗时 24.9s
  epoch 391 总耗时 111.6s
--- epoch 392/400 (PAL 调度基准 400) ---
  [train] epoch 392: loss_mean=0.002650 (min=0.0013, max=0.0056, batches=105) train_IoU=0.7553 train_nIoU=0.5285 耗时 44.2s
  [val]   epoch 392: mIoU=0.4210 nIoU=0.4161 PD=0.9163 FA(x1e6)=23.43 耗时 24.3s
  epoch 392 总耗时 68.5s
--- epoch 393/400 (PAL 调度基准 400) ---
  [train] epoch 393: loss_mean=0.002380 (min=0.0010, max=0.0057, batches=105) train_IoU=0.7717 train_nIoU=0.5321 耗时 44.0s
  [val]   epoch 393: mIoU=0.4199 nIoU=0.4110 PD=0.9229 FA(x1e6)=29.96 耗时 22.2s
  epoch 393 总耗时 66.2s
--- epoch 394/400 (PAL 调度基准 400) ---
  [train] epoch 394: loss_mean=0.002395 (min=0.0012, max=0.0055, batches=105) train_IoU=0.7720 train_nIoU=0.5486 耗时 41.2s
  [val]   epoch 394: mIoU=0.4115 nIoU=0.4012 PD=0.9262 FA(x1e6)=32.78 耗时 22.3s
  epoch 394 总耗时 63.6s
--- epoch 395/400 (PAL 调度基准 400) ---
  [train] epoch 395: loss_mean=0.002375 (min=0.0011, max=0.0073, batches=105) train_IoU=0.7724 train_nIoU=0.5415 耗时 41.3s
  [val]   epoch 395: mIoU=0.4113 nIoU=0.4074 PD=0.9236 FA(x1e6)=37.47 耗时 22.1s
  epoch 395 总耗时 63.3s
--- epoch 396/400 (PAL 调度基准 400) ---
  [精炼轮] 开始标签的自更新--------
    [自更新] choose 池 1676 张
  [train] epoch 396: loss_mean=0.002465 (min=0.0011, max=0.0069, batches=105) train_IoU=0.7689 train_nIoU=0.5321 耗时 42.8s
  [val]   epoch 396: mIoU=0.4221 nIoU=0.4187 PD=0.9243 FA(x1e6)=42.45 耗时 22.5s
  epoch 396 总耗时 103.2s
--- epoch 397/400 (PAL 调度基准 400) ---
  [train] epoch 397: loss_mean=0.002446 (min=0.0009, max=0.0070, batches=105) train_IoU=0.7681 train_nIoU=0.5363 耗时 40.4s
  [val]   epoch 397: mIoU=0.4323 nIoU=0.4235 PD=0.9037 FA(x1e6)=25.27 耗时 22.6s
  epoch 397 总耗时 63.0s
--- epoch 398/400 (PAL 调度基准 400) ---
  [train] epoch 398: loss_mean=0.002570 (min=0.0012, max=0.0081, batches=105) train_IoU=0.7575 train_nIoU=0.5265 耗时 40.6s
  [val]   epoch 398: mIoU=0.4215 nIoU=0.4083 PD=0.9176 FA(x1e6)=40.01 耗时 22.8s
  epoch 398 总耗时 63.4s
--- epoch 399/400 (PAL 调度基准 400) ---
  [train] epoch 399: loss_mean=0.002472 (min=0.0011, max=0.0058, batches=105) train_IoU=0.7679 train_nIoU=0.5386 耗时 41.6s
  [val]   epoch 399: mIoU=0.4101 nIoU=0.4011 PD=0.9110 FA(x1e6)=32.73 耗时 22.0s
  epoch 399 总耗时 63.6s
--- epoch 400/400 (PAL 调度基准 400) ---
  [train] epoch 400: loss_mean=0.002505 (min=0.0008, max=0.0098, batches=105) train_IoU=0.7611 train_nIoU=0.5334 耗时 40.3s
  [val]   epoch 400: mIoU=0.4165 nIoU=0.4086 PD=0.9163 FA(x1e6)=35.66 耗时 22.1s
  epoch 400 总耗时 62.4s
======================================================================
训练结束。best mIoU=0.4712; choose=1676 no_choose=0
PAL_TRAIN_DONE
